customer_id,signup_date,region,signup_channel,age,gender
CUST-000001,2024-09-24,North,organic,43,Male
CUST-000002,2021-08-01,South,referral,75,Male
CUST-000003,2026-07-12,South,organic,52,Female
CUST-000004,2024-01-06,Central,referral,58,Male
CUST-000005,2021-10-25,Central,paid_search,33,Female
CUST-000006,2020-11-19,North,paid_search,79,Male
CUST-000007,2025-02-18,Central,social,33,Female
CUST-000008,2022-10-06,East,partner,23,Female
CUST-000009,2025-08-03,South,referral,47,Male
CUST-000010,2026-01-01,East,social,70,Female
CUST-000011,2024-08-15,East,organic,75,Female
CUST-000012,2021-05-14,North,partner,71,Female
CUST-000013,2022-07-16,Central,organic,54,Male
CUST-000014,2023-09-25,North,paid_search,75,Male
CUST-000015,2025-01-10,North,organic,50,Female
CUST-000016,2025-10-26,South,referral,49,Female
CUST-000017,2025-02-04,North,partner,32,Male
CUST-000018,2025-09-24,North,partner,67,Male
CUST-000019,2025-08-14,South,referral,40,Male
CUST-000020,2022-07-08,South,social,33,Female
CUST-000021,2025-12-11,North,paid_search,43,Female
CUST-000022,2026-06-04,Central,organic,56,Female
CUST-000023,2023-06-01,Central,organic,37,Male
CUST-000024,2025-01-11,West,organic,42,Male
CUST-000025,2023-11-27,East,referral,41,Male
CUST-000026,2025-10-19,Central,referral,56,Female
CUST-000027,2025-06-16,South,social,63,Male
CUST-000028,2024-01-14,East,organic,61,Male
CUST-000029,2022-06-19,North,paid_search,30,Male
CUST-000030,2024-02-27,West,social,42,Male
CUST-000031,2023-05-21,North,organic,59,Female
CUST-000032,2023-06-27,West,referral,34,Female
CUST-000033,2025-01-25,West,organic,26,Female
CUST-000034,2025-01-12,South,referral,40,Female
CUST-000035,2024-02-01,West,social,61,Male
CUST-000036,2026-07-08,South,paid_search,60,Male
CUST-000037,2022-06-22,South,paid_search,29,Male
CUST-000038,2023-01-15,East,referral,61,Female
CUST-000039,2024-11-16,South,partner,33,Female
CUST-000040,2024-06-01,West,social,64,Male
CUST-000041,2024-09-17,South,organic,54,Female
CUST-000042,2022-09-18,East,referral,29,Female
CUST-000043,2022-01-29,Central,partner,42,Male
CUST-000044,2026-02-03,South,organic,69,Female
CUST-000045,2024-03-09,East,social,47,Female
CUST-000046,2026-07-19,Central,paid_search,61,Male
CUST-000047,2023-12-12,South,referral,65,Male
CUST-000048,2025-03-15,North,social,23,Female
CUST-000049,2024-09-01,South,partner,76,Female
CUST-000050,2023-12-06,Central,social,41,Female
CUST-000051,2024-10-02,West,partner,68,Male
CUST-000052,2024-04-20,Central,paid_search,49,Female
CUST-000053,2022-02-07,South,partner,55,Female
CUST-000054,2021-09-21,Central,partner,42,Male
CUST-000055,2026-09-10,South,paid_search,71,Female
CUST-000056,2024-06-08,West,organic,28,Male
CUST-000057,2021-08-17,Central,partner,73,Male
CUST-000058,2023-06-28,South,referral,34,Female
CUST-000059,2025-06-22,Central,partner,73,Male
CUST-000060,2023-01-21,West,organic,23,Female
CUST-000061,2025-11-11,West,referral,22,Female
CUST-000062,2026-07-25,West,social,27,Female
CUST-000063,2022-11-12,North,social,53,Female
CUST-000064,2023-07-30,West,social,37,Female
CUST-000065,2022-01-25,South,paid_search,56,Female
CUST-000066,2024-08-12,South,organic,69,Female
CUST-000067,2021-07-14,North,referral,23,Female
CUST-000068,2024-03-15,North,referral,52,Male
CUST-000069,2022-03-27,Central,paid_search,64,Male
CUST-000070,2026-01-28,South,organic,46,Male
CUST-000071,2026-02-12,South,organic,75,Female
CUST-000072,2021-12-01,East,paid_search,60,Female
CUST-000073,2021-08-24,West,partner,24,Female
CUST-000074,2021-01-09,East,organic,53,Male
CUST-000075,2024-09-28,East,organic,44,Male
CUST-000076,2026-08-09,Central,paid_search,29,Male
CUST-000077,2020-10-09,East,social,77,Female
CUST-000078,2023-02-05,West,social,34,Female
CUST-000079,2025-03-08,Central,referral,26,Male
CUST-000080,2022-02-01,West,organic,34,Female
CUST-000081,2021-04-11,North,organic,69,Male
CUST-000082,2025-01-05,South,social,56,Female
CUST-000083,2021-12-29,West,referral,69,Female
CUST-000084,2021-12-05,East,organic,48,Male
CUST-000085,2023-08-29,South,social,28,Female
CUST-000086,2022-11-13,South,referral,44,Female
CUST-000087,2025-02-11,North,paid_search,33,Female
CUST-000088,2021-01-21,South,referral,54,Male
CUST-000089,2020-10-03,West,paid_search,37,Male
CUST-000090,2020-09-28,North,social,78,Male
CUST-000091,2022-03-26,Central,partner,43,Male
CUST-000092,2026-06-13,South,organic,40,Female
CUST-000093,2024-06-18,Central,partner,79,Female
CUST-000094,2024-01-04,South,organic,52,Female
CUST-000095,2020-10-21,Central,referral,31,Male
CUST-000096,2023-06-05,East,partner,49,Female
CUST-000097,2023-06-05,Central,organic,36,Female
CUST-000098,2025-10-29,North,partner,63,Female
CUST-000099,2021-12-11,West,paid_search,55,Female
CUST-000100,2024-08-29,South,partner,64,Female
CUST-000101,2026-02-17,South,referral,76,Male
CUST-000102,2020-08-28,North,organic,64,Male
CUST-000103,2025-08-15,Central,partner,41,Female
CUST-000104,2026-07-28,West,paid_search,33,Male
CUST-000105,2026-04-16,Central,social,52,Male
CUST-000106,2023-12-14,East,social,48,Female
CUST-000107,2026-02-07,North,organic,40,Male
CUST-000108,2021-08-08,South,partner,69,Female
CUST-000109,2023-08-17,East,paid_search,74,Male
CUST-000110,2024-10-16,North,partner,44,Male
CUST-000111,2026-08-24,Central,referral,61,Male
CUST-000112,2023-10-04,Central,paid_search,79,Male
CUST-000113,2025-10-12,East,partner,22,Male
CUST-000114,2020-10-04,East,paid_search,43,Male
CUST-000115,2024-11-26,West,social,64,Female
CUST-000116,2023-10-26,West,social,50,Male
CUST-000117,2026-08-09,North,organic,67,Male
CUST-000118,2025-12-12,East,partner,49,Female
CUST-000119,2025-05-20,West,social,25,Male
CUST-000120,2026-05-30,Central,organic,47,Male
CUST-000121,2022-04-19,East,partner,45,Male
CUST-000122,2020-12-07,Central,social,71,Male
CUST-000123,2020-10-13,East,paid_search,30,Female
CUST-000124,2025-02-04,South,referral,31,Female
CUST-000125,2021-12-07,East,partner,30,Male
CUST-000126,2023-08-27,West,paid_search,54,Female
CUST-000127,2026-05-27,Central,paid_search,79,Male
CUST-000128,2026-03-16,South,paid_search,57,Male
CUST-000129,2023-05-31,South,paid_search,69,Male
CUST-000130,2024-03-07,West,partner,71,Male
CUST-000131,2026-08-29,West,paid_search,56,Male
CUST-000132,2021-02-04,South,paid_search,57,Male
CUST-000133,2022-04-01,West,social,36,Female
CUST-000134,2023-08-27,North,referral,77,Male
CUST-000135,2020-09-08,South,social,67,Male
CUST-000136,2020-11-11,Central,partner,72,Male
CUST-000137,2020-09-25,East,social,79,Male
CUST-000138,2025-02-18,Central,organic,42,Male
CUST-000139,2021-05-04,South,social,30,Male
CUST-000140,2023-08-19,South,social,71,Male
CUST-000141,2022-04-12,Central,organic,49,Male
CUST-000142,2021-06-23,Central,paid_search,77,Male
CUST-000143,2025-09-18,Central,referral,62,Male
CUST-000144,2024-01-08,South,referral,36,Male
CUST-000145,2025-12-13,Central,partner,42,Male
CUST-000146,2024-12-28,East,partner,57,Female
CUST-000147,2024-02-20,Central,paid_search,44,Female
CUST-000148,2021-07-15,Central,partner,38,Male
CUST-000149,2021-06-28,East,social,34,Male
CUST-000150,2024-04-21,South,referral,59,Male
CUST-000151,2024-09-16,Central,social,24,Female
CUST-000152,2023-07-03,East,partner,27,Female
CUST-000153,2021-03-15,East,social,24,Female
CUST-000154,2020-10-11,West,social,64,Male
CUST-000155,2025-05-03,Central,organic,23,Male
CUST-000156,2025-08-08,North,social,46,Male
CUST-000157,2022-06-15,Central,organic,29,Female
CUST-000158,2024-10-23,East,social,56,Female
CUST-000159,2025-07-11,North,social,23,Male
CUST-000160,2026-06-22,South,paid_search,23,Female
CUST-000161,2024-04-12,East,organic,45,Male
CUST-000162,2024-05-02,West,referral,62,Male
CUST-000163,2023-03-27,East,paid_search,28,Male
CUST-000164,2025-07-03,North,referral,50,Female
CUST-000165,2022-05-06,East,organic,68,Male
CUST-000166,2022-07-26,South,organic,58,Female
CUST-000167,2023-12-17,South,referral,65,Female
CUST-000168,2025-07-24,West,partner,40,Male
CUST-000169,2023-07-28,Central,paid_search,76,Female
CUST-000170,2022-07-26,North,paid_search,30,Male
CUST-000171,2024-06-05,West,organic,57,Female
CUST-000172,2025-02-04,East,paid_search,47,Male
CUST-000173,2023-08-31,South,paid_search,23,Male
CUST-000174,2024-07-28,West,paid_search,76,Female
CUST-000175,2024-03-21,South,paid_search,62,Female
CUST-000176,2024-07-22,West,paid_search,35,Male
CUST-000177,2024-11-15,East,partner,25,Female
CUST-000178,2022-05-14,North,paid_search,61,Male
CUST-000179,2023-11-19,West,partner,53,Female
CUST-000180,2023-11-06,Central,partner,24,Female
CUST-000181,2022-09-30,East,partner,79,Male
CUST-000182,2024-07-16,West,referral,63,Female
CUST-000183,2026-02-12,North,social,48,Female
CUST-000184,2021-07-05,South,paid_search,35,Male
CUST-000185,2026-04-27,South,social,37,Male
CUST-000186,2023-03-25,West,paid_search,48,Male
CUST-000187,2025-01-20,South,organic,25,Male
CUST-000188,2025-06-12,West,social,43,Male
CUST-000189,2026-06-11,South,social,34,Female
CUST-000190,2021-04-01,West,organic,28,Female
CUST-000191,2024-01-31,South,referral,29,Male
CUST-000192,2024-08-15,East,referral,42,Male
CUST-000193,2022-03-05,North,paid_search,44,Female
CUST-000194,2026-06-22,West,referral,42,Female
CUST-000195,2023-04-13,North,partner,62,Male
CUST-000196,2023-08-24,Central,referral,52,Male
CUST-000197,2023-05-05,Central,referral,33,Male
CUST-000198,2025-12-02,East,social,78,Male
CUST-000199,2020-11-27,Central,paid_search,64,Male
CUST-000200,2025-03-27,Central,partner,49,Male
CUST-000201,2022-07-29,North,paid_search,24,Male
CUST-000202,2022-03-15,West,social,75,Male
CUST-000203,2024-08-08,South,paid_search,65,Male
CUST-000204,2025-11-22,Central,social,48,Male
CUST-000205,2024-12-15,Central,partner,31,Male
CUST-000206,2021-10-26,Central,paid_search,28,Female
CUST-000207,2021-03-02,East,partner,38,Male
CUST-000208,2021-01-13,North,paid_search,35,Male
CUST-000209,2025-05-14,North,paid_search,34,Female
CUST-000210,2022-12-18,North,paid_search,45,Female
CUST-000211,2025-10-17,Central,partner,24,Male
CUST-000212,2022-06-17,East,paid_search,40,Male
CUST-000213,2024-03-17,South,referral,72,Male
CUST-000214,2022-04-30,East,referral,72,Female
CUST-000215,2022-06-20,North,organic,22,Male
CUST-000216,2020-09-11,East,paid_search,61,Male
CUST-000217,2023-09-24,East,paid_search,79,Female
CUST-000218,2024-08-26,West,paid_search,55,Female
CUST-000219,2023-07-12,North,social,44,Male
CUST-000220,2025-10-15,Central,paid_search,50,Male
CUST-000221,2026-01-02,North,referral,34,Female
CUST-000222,2023-08-15,East,partner,45,Female
CUST-000223,2021-09-13,South,partner,76,Female
CUST-000224,2023-07-05,West,partner,57,Female
CUST-000225,2021-11-22,West,referral,46,Male
CUST-000226,2025-08-18,North,social,29,Female
CUST-000227,2023-12-29,East,social,74,Female
CUST-000228,2023-01-08,East,paid_search,31,Female
CUST-000229,2024-08-07,East,organic,63,Male
CUST-000230,2026-07-30,North,paid_search,39,Male
CUST-000231,2026-04-12,North,social,38,Male
CUST-000232,2021-01-31,East,social,31,Female
CUST-000233,2022-12-24,South,partner,43,Female
CUST-000234,2025-01-21,East,partner,61,Male
CUST-000235,2025-03-17,North,paid_search,46,Female
CUST-000236,2026-07-10,West,referral,23,Female
CUST-000237,2021-01-09,North,organic,37,Female
CUST-000238,2026-01-30,West,referral,31,Male
CUST-000239,2022-02-10,Central,organic,45,Male
CUST-000240,2025-03-20,South,organic,74,Male
CUST-000241,2024-08-20,North,social,77,Female
CUST-000242,2025-02-06,North,social,79,Female
CUST-000243,2021-09-04,South,partner,28,Male
CUST-000244,2026-07-05,North,partner,50,Male
CUST-000245,2024-08-15,Central,paid_search,24,Female
CUST-000246,2024-12-21,Central,referral,50,Female
CUST-000247,2025-01-23,Central,partner,55,Male
CUST-000248,2025-07-08,Central,referral,66,Male
CUST-000249,2021-03-01,East,paid_search,41,Female
CUST-000250,2024-06-06,South,paid_search,24,Female
CUST-000251,2024-03-11,East,social,48,Female
CUST-000252,2024-05-08,South,paid_search,46,Female
CUST-000253,2020-10-13,Central,social,58,Male
CUST-000254,2024-08-23,East,partner,27,Female
CUST-000255,2024-08-28,South,social,57,Female
CUST-000256,2024-09-19,West,referral,45,Male
CUST-000257,2024-10-16,South,paid_search,64,Male
CUST-000258,2026-02-28,South,organic,79,Male
CUST-000259,2022-12-31,South,referral,35,Male
CUST-000260,2026-07-30,North,paid_search,65,Male
CUST-000261,2025-04-18,North,organic,29,Female
CUST-000262,2025-07-06,East,social,79,Male
CUST-000263,2024-12-12,Central,social,49,Female
CUST-000264,2022-02-15,South,paid_search,65,Female
CUST-000265,2023-02-02,West,partner,67,Female
CUST-000266,2020-09-11,South,referral,57,Male
CUST-000267,2024-08-12,South,referral,44,Male
CUST-000268,2021-02-11,North,partner,65,Male
CUST-000269,2026-06-09,East,referral,49,Female
CUST-000270,2023-09-14,West,social,60,Male
CUST-000271,2021-11-02,South,organic,57,Male
CUST-000272,2023-06-29,East,partner,48,Female
CUST-000273,2021-01-08,East,social,28,Female
CUST-000274,2024-11-12,South,social,38,Male
CUST-000275,2026-07-01,West,organic,76,Female
CUST-000276,2022-01-14,East,organic,52,Male
CUST-000277,2026-04-26,North,partner,58,Male
CUST-000278,2022-02-04,East,social,36,Male
CUST-000279,2022-04-05,South,social,62,Female
CUST-000280,2021-08-10,West,social,50,Male
CUST-000281,2023-11-09,South,organic,34,Male
CUST-000282,2021-04-13,Central,referral,30,Female
CUST-000283,2025-08-31,West,partner,44,Male
CUST-000284,2024-02-12,North,partner,54,Male
CUST-000285,2025-12-27,East,partner,38,Male
CUST-000286,2022-02-08,Central,paid_search,36,Female
CUST-000287,2022-05-02,South,referral,37,Female
CUST-000288,2021-10-31,West,referral,39,Female
CUST-000289,2022-01-27,West,social,64,Male
CUST-000290,2024-10-25,West,paid_search,50,Female
CUST-000291,2026-05-02,North,paid_search,49,Female
CUST-000292,2021-01-21,South,organic,31,Female
CUST-000293,2023-10-10,South,organic,53,Female
CUST-000294,2026-02-24,South,social,77,Female
CUST-000295,2021-02-05,Central,social,65,Male
CUST-000296,2020-08-29,North,paid_search,47,Male
CUST-000297,2024-01-02,East,partner,39,Female
CUST-000298,2021-12-20,Central,referral,42,Male
CUST-000299,2026-07-10,Central,social,23,Female
CUST-000300,2026-03-03,West,paid_search,23,Female
CUST-000301,2025-01-12,Central,social,67,Male
CUST-000302,2022-09-28,East,paid_search,70,Female
CUST-000303,2025-12-16,West,partner,78,Male
CUST-000304,2026-07-06,East,paid_search,58,Female
CUST-000305,2022-09-16,North,partner,75,Male
CUST-000306,2022-01-07,North,paid_search,46,Male
CUST-000307,2022-04-03,Central,social,36,Female
CUST-000308,2021-11-07,North,partner,36,Male
CUST-000309,2021-11-05,South,paid_search,35,Male
CUST-000310,2023-02-12,West,social,65,Male
CUST-000311,2023-07-27,East,partner,22,Female
CUST-000312,2021-06-24,East,referral,76,Male
CUST-000313,2024-08-03,Central,organic,66,Male
CUST-000314,2026-02-14,West,social,44,Male
CUST-000315,2022-03-17,Central,partner,62,Female
CUST-000316,2024-12-27,West,partner,29,Male
CUST-000317,2020-09-19,Central,social,47,Male
CUST-000318,2024-02-21,West,partner,28,Female
CUST-000319,2021-07-05,East,paid_search,28,Male
CUST-000320,2026-06-03,Central,paid_search,22,Female
CUST-000321,2022-09-12,Central,organic,68,Male
CUST-000322,2024-01-14,North,organic,65,Female
CUST-000323,2023-11-25,Central,partner,73,Male
CUST-000324,2025-02-03,West,social,78,Female
CUST-000325,2020-11-02,Central,organic,77,Female
CUST-000326,2024-05-07,West,referral,79,Male
CUST-000327,2021-07-08,Central,organic,22,Male
CUST-000328,2024-01-18,South,referral,67,Male
CUST-000329,2026-05-24,North,partner,63,Male
CUST-000330,2021-04-27,North,social,31,Female
CUST-000331,2025-08-06,South,social,29,Male
CUST-000332,2025-01-25,South,paid_search,78,Female
CUST-000333,2021-07-07,East,social,73,Male
CUST-000334,2021-04-02,North,partner,41,Female
CUST-000335,2021-03-13,North,paid_search,26,Female
CUST-000336,2024-01-26,East,paid_search,41,Female
CUST-000337,2022-02-14,West,organic,22,Female
CUST-000338,2024-09-25,North,social,61,Female
CUST-000339,2022-02-28,East,paid_search,44,Female
CUST-000340,2023-09-16,West,paid_search,24,Female
CUST-000341,2026-06-02,West,referral,78,Male
CUST-000342,2024-03-11,North,organic,69,Female
CUST-000343,2023-11-03,West,social,74,Female
CUST-000344,2025-03-18,North,partner,79,Female
CUST-000345,2024-05-27,South,organic,22,Female
CUST-000346,2023-09-02,South,organic,66,Male
CUST-000347,2026-06-07,Central,organic,67,Male
CUST-000348,2025-09-21,North,social,67,Male
CUST-000349,2022-01-27,West,referral,37,Male
CUST-000350,2024-07-29,Central,partner,44,Male
CUST-000351,2023-01-12,Central,organic,75,Male
CUST-000352,2023-04-02,South,paid_search,25,Female
CUST-000353,2023-04-27,North,referral,59,Female
CUST-000354,2024-02-19,South,paid_search,67,Female
CUST-000355,2023-09-29,West,partner,68,Male
CUST-000356,2021-09-11,North,social,56,Male
CUST-000357,2020-10-27,West,paid_search,66,Female
CUST-000358,2025-03-16,South,partner,74,Male
CUST-000359,2022-09-07,West,social,66,Female
CUST-000360,2020-10-20,West,social,28,Female
CUST-000361,2026-08-23,East,organic,36,Female
CUST-000362,2021-11-19,West,organic,39,Male
CUST-000363,2023-09-07,Central,social,41,Female
CUST-000364,2020-10-27,South,social,42,Female
CUST-000365,2023-02-25,East,paid_search,34,Male
CUST-000366,2021-08-10,West,referral,61,Male
CUST-000367,2025-08-19,Central,referral,28,Female
CUST-000368,2025-10-18,East,partner,67,Male
CUST-000369,2021-02-12,South,partner,60,Female
CUST-000370,2023-06-26,Central,paid_search,77,Male
CUST-000371,2023-05-05,Central,social,22,Female
CUST-000372,2025-08-27,East,organic,39,Male
CUST-000373,2025-05-01,North,organic,74,Male
CUST-000374,2021-10-11,South,social,50,Male
CUST-000375,2024-11-14,East,organic,54,Male
CUST-000376,2023-03-03,West,social,23,Male
CUST-000377,2024-09-21,West,paid_search,66,Female
CUST-000378,2025-01-22,Central,paid_search,36,Male
CUST-000379,2025-09-08,North,organic,77,Male
CUST-000380,2021-01-21,East,social,43,Male
CUST-000381,2021-01-06,West,paid_search,32,Female
CUST-000382,2025-12-31,Central,organic,56,Female
CUST-000383,2024-08-07,North,referral,49,Female
CUST-000384,2023-04-02,Central,organic,49,Male
CUST-000385,2024-06-02,North,partner,77,Female
CUST-000386,2022-04-28,North,organic,43,Male
CUST-000387,2025-03-04,Central,referral,45,Female
CUST-000388,2026-05-03,West,paid_search,58,Male
CUST-000389,2024-08-28,Central,organic,31,Female
CUST-000390,2023-02-04,West,organic,70,Female
CUST-000391,2025-08-02,West,referral,35,Male
CUST-000392,2021-10-15,East,paid_search,36,Female
CUST-000393,2026-08-21,East,organic,22,Male
CUST-000394,2026-05-15,East,organic,41,Female
CUST-000395,2023-07-22,South,social,55,Female
CUST-000396,2023-07-26,Central,partner,62,Female
CUST-000397,2024-11-18,South,partner,74,Female
CUST-000398,2025-03-18,West,social,67,Male
CUST-000399,2026-04-11,West,organic,40,Male
CUST-000400,2022-09-15,East,partner,69,Female
CUST-000401,2024-06-05,West,partner,33,Male
CUST-000402,2025-12-20,North,paid_search,34,Male
CUST-000403,2024-03-26,South,referral,42,Male
CUST-000404,2020-12-26,East,partner,53,Female
CUST-000405,2025-01-21,South,partner,33,Male
CUST-000406,2021-04-17,Central,paid_search,74,Male
CUST-000407,2025-02-23,Central,partner,37,Male
CUST-000408,2025-08-08,West,partner,44,Male
CUST-000409,2025-01-26,South,organic,57,Female
CUST-000410,2024-09-24,North,referral,46,Female
CUST-000411,2025-12-27,West,referral,45,Female
CUST-000412,2023-03-06,Central,paid_search,79,Female
CUST-000413,2024-08-29,East,organic,47,Male
CUST-000414,2022-05-04,Central,organic,28,Female
CUST-000415,2023-09-29,Central,partner,64,Male
CUST-000416,2024-01-03,East,social,62,Male
CUST-000417,2023-11-06,South,referral,34,Male
CUST-000418,2025-10-11,North,social,71,Male
CUST-000419,2022-05-07,West,social,44,Female
CUST-000420,2026-01-25,East,partner,30,Male
CUST-000421,2022-04-22,North,referral,32,Female
CUST-000422,2020-09-13,North,social,63,Male
CUST-000423,2022-02-10,Central,partner,34,Male
CUST-000424,2023-12-02,South,social,49,Male
CUST-000425,2024-10-26,South,social,64,Male
CUST-000426,2021-06-12,West,organic,71,Male
CUST-000427,2025-03-09,South,partner,50,Female
CUST-000428,2023-10-16,Central,partner,74,Female
CUST-000429,2022-01-15,West,social,39,Female
CUST-000430,2021-02-11,South,paid_search,72,Male
CUST-000431,2021-01-25,South,social,36,Female
CUST-000432,2026-02-20,Central,referral,25,Female
CUST-000433,2021-04-03,East,paid_search,64,Male
CUST-000434,2026-01-11,Central,organic,65,Female
CUST-000435,2023-02-19,South,paid_search,75,Female
CUST-000436,2021-02-07,North,social,75,Female
CUST-000437,2022-10-13,Central,partner,27,Male
CUST-000438,2020-12-12,South,partner,58,Male
CUST-000439,2024-08-06,Central,social,62,Male
CUST-000440,2024-10-25,West,paid_search,56,Male
CUST-000441,2024-10-05,South,partner,23,Male
CUST-000442,2024-08-03,West,paid_search,24,Male
CUST-000443,2022-08-07,North,social,60,Male
CUST-000444,2023-11-19,South,referral,71,Female
CUST-000445,2022-03-28,South,social,32,Male
CUST-000446,2024-02-27,West,partner,24,Male
CUST-000447,2024-11-03,East,partner,45,Male
CUST-000448,2025-08-02,West,social,40,Male
CUST-000449,2023-04-22,East,partner,79,Female
CUST-000450,2021-03-29,West,paid_search,75,Female
CUST-000451,2021-06-23,North,referral,54,Female
CUST-000452,2025-03-17,West,referral,77,Female
CUST-000453,2023-10-23,North,organic,35,Male
CUST-000454,2022-05-20,North,referral,79,Female
CUST-000455,2022-12-27,West,referral,47,Female
CUST-000456,2026-04-20,North,paid_search,49,Male
CUST-000457,2023-01-30,West,organic,24,Female
CUST-000458,2026-07-10,North,referral,32,Female
CUST-000459,2025-12-29,North,referral,33,Female
CUST-000460,2022-09-29,Central,organic,50,Male
CUST-000461,2026-02-11,North,partner,33,Male
CUST-000462,2024-09-10,Central,organic,27,Male
CUST-000463,2023-03-10,South,organic,57,Male
CUST-000464,2022-10-01,West,referral,72,Female
CUST-000465,2024-01-12,Central,paid_search,26,Male
CUST-000466,2026-02-23,North,social,54,Female
CUST-000467,2021-11-13,South,organic,77,Male
CUST-000468,2020-11-18,East,paid_search,45,Male
CUST-000469,2021-04-27,Central,partner,32,Female
CUST-000470,2022-03-08,North,paid_search,26,Male
CUST-000471,2024-04-06,North,social,76,Male
CUST-000472,2021-05-28,South,partner,45,Male
CUST-000473,2023-10-15,South,social,28,Male
CUST-000474,2025-11-26,South,social,72,Female
CUST-000475,2021-07-01,North,organic,68,Female
CUST-000476,2024-10-10,Central,referral,62,Female
CUST-000477,2020-12-21,West,partner,26,Female
CUST-000478,2024-06-29,North,organic,26,Male
CUST-000479,2021-06-13,East,referral,34,Female
CUST-000480,2023-05-29,West,partner,31,Male
CUST-000481,2023-11-05,West,partner,52,Male
CUST-000482,2024-11-24,Central,referral,44,Female
CUST-000483,2021-08-03,West,social,66,Male
CUST-000484,2026-04-19,West,partner,27,Female
CUST-000485,2023-10-21,North,organic,64,Female
CUST-000486,2024-07-16,North,paid_search,76,Male
CUST-000487,2023-06-05,West,social,29,Male
CUST-000488,2025-03-12,Central,organic,59,Female
CUST-000489,2022-09-03,South,organic,51,Female
CUST-000490,2024-05-13,West,paid_search,27,Female
CUST-000491,2025-08-01,South,social,38,Female
CUST-000492,2025-07-13,East,partner,67,Male
CUST-000493,2022-06-29,West,organic,72,Male
CUST-000494,2025-02-02,West,paid_search,43,Female
CUST-000495,2024-10-18,North,social,28,Male
CUST-000496,2022-11-21,Central,paid_search,36,Female
CUST-000497,2024-08-29,Central,referral,70,Female
CUST-000498,2024-05-04,East,referral,55,Female
CUST-000499,2025-03-27,South,partner,46,Male
CUST-000500,2024-07-27,East,partner,22,Female
CUST-000501,2022-07-13,Central,social,67,Male
CUST-000502,2023-07-07,East,organic,48,Female
CUST-000503,2020-08-18,North,referral,53,Male
CUST-000504,2022-01-07,North,partner,70,Female
CUST-000505,2026-08-17,Central,referral,54,Male
CUST-000506,2024-05-23,West,partner,75,Male
CUST-000507,2024-11-19,West,partner,54,Male
CUST-000508,2023-02-27,North,paid_search,41,Female
CUST-000509,2025-01-27,North,organic,75,Male
CUST-000510,2020-11-06,South,social,59,Male
CUST-000511,2024-12-06,South,social,66,Male
CUST-000512,2023-06-21,South,social,35,Male
CUST-000513,2025-12-22,East,paid_search,60,Male
CUST-000514,2021-03-03,South,paid_search,54,Male
CUST-000515,2021-03-08,North,paid_search,28,Female
CUST-000516,2021-12-11,East,organic,36,Female
CUST-000517,2024-08-16,West,organic,74,Female
CUST-000518,2026-05-04,West,paid_search,55,Female
CUST-000519,2022-06-01,South,social,66,Male
CUST-000520,2024-01-27,South,paid_search,31,Female
CUST-000521,2020-08-23,East,referral,34,Male
CUST-000522,2022-07-06,North,referral,76,Female
CUST-000523,2023-06-12,Central,paid_search,46,Male
CUST-000524,2020-08-22,Central,social,73,Male
CUST-000525,2021-10-25,North,organic,68,Male
CUST-000526,2023-12-02,Central,social,41,Female
CUST-000527,2026-08-16,North,partner,77,Male
CUST-000528,2026-03-04,East,paid_search,67,Female
CUST-000529,2023-12-29,West,partner,29,Male
CUST-000530,2023-03-23,South,referral,27,Male
CUST-000531,2026-07-03,South,social,29,Female
CUST-000532,2025-12-04,North,organic,64,Female
CUST-000533,2022-06-06,West,organic,30,Female
CUST-000534,2022-03-06,North,referral,38,Female
CUST-000535,2026-07-18,East,social,47,Female
CUST-000536,2023-08-14,South,organic,29,Male
CUST-000537,2026-03-26,Central,partner,41,Female
CUST-000538,2022-05-08,Central,social,61,Female
CUST-000539,2021-08-22,Central,referral,78,Male
CUST-000540,2021-06-06,West,social,49,Male
CUST-000541,2023-01-18,East,partner,65,Female
CUST-000542,2022-12-12,South,paid_search,52,Male
CUST-000543,2021-02-10,North,social,49,Female
CUST-000544,2022-12-30,Central,partner,52,Male
CUST-000545,2023-12-23,South,organic,77,Male
CUST-000546,2022-02-11,East,referral,25,Male
CUST-000547,2023-02-01,North,partner,51,Male
CUST-000548,2021-08-11,South,social,24,Male
CUST-000549,2023-06-26,West,partner,72,Male
CUST-000550,2021-06-01,East,referral,56,Female
CUST-000551,2026-05-29,East,paid_search,24,Female
CUST-000552,2026-07-10,South,organic,58,Male
CUST-000553,2026-02-07,North,organic,47,Male
CUST-000554,2023-04-29,Central,partner,24,Female
CUST-000555,2022-06-07,East,social,78,Female
CUST-000556,2025-05-28,South,organic,43,Female
CUST-000557,2025-10-13,South,partner,23,Female
CUST-000558,2021-07-08,West,referral,57,Male
CUST-000559,2022-03-15,East,organic,43,Male
CUST-000560,2022-10-15,South,paid_search,60,Male
CUST-000561,2023-10-10,Central,paid_search,31,Female
CUST-000562,2024-03-03,Central,partner,70,Female
CUST-000563,2026-08-13,North,paid_search,46,Female
CUST-000564,2025-08-15,West,social,46,Female
CUST-000565,2021-03-22,Central,paid_search,68,Female
CUST-000566,2024-09-01,East,organic,53,Female
CUST-000567,2022-05-27,North,organic,22,Male
CUST-000568,2022-05-27,North,referral,55,Male
CUST-000569,2024-11-13,West,referral,59,Male
CUST-000570,2025-06-29,Central,partner,40,Female
CUST-000571,2022-06-22,North,referral,32,Male
CUST-000572,2026-03-05,East,organic,25,Female
CUST-000573,2023-08-23,East,paid_search,71,Male
CUST-000574,2021-04-19,South,referral,22,Female
CUST-000575,2022-06-01,West,paid_search,55,Female
CUST-000576,2022-02-12,Central,partner,70,Male
CUST-000577,2026-02-28,South,social,42,Female
CUST-000578,2025-06-21,North,paid_search,33,Female
CUST-000579,2024-12-30,South,referral,63,Male
CUST-000580,2024-11-22,South,social,58,Male
CUST-000581,2025-07-01,West,paid_search,22,Female
CUST-000582,2020-11-04,East,referral,55,Female
CUST-000583,2025-08-19,North,paid_search,22,Male
CUST-000584,2022-06-13,South,partner,45,Female
CUST-000585,2023-03-05,West,partner,39,Male
CUST-000586,2023-01-12,East,organic,70,Female
CUST-000587,2025-05-29,East,organic,78,Female
CUST-000588,2024-10-20,South,organic,62,Male
CUST-000589,2022-12-18,South,organic,64,Male
CUST-000590,2024-12-09,North,organic,23,Female
CUST-000591,2022-06-26,North,partner,25,Male
CUST-000592,2026-06-22,North,social,67,Male
CUST-000593,2026-03-23,West,referral,46,Male
CUST-000594,2022-04-02,North,social,51,Male
CUST-000595,2022-12-12,East,partner,62,Male
CUST-000596,2026-06-04,Central,social,42,Female
CUST-000597,2021-03-25,West,partner,61,Female
CUST-000598,2026-08-29,East,organic,64,Female
CUST-000599,2020-12-05,North,referral,35,Male
CUST-000600,2022-04-11,East,referral,61,Male
CUST-000601,2020-08-28,Central,partner,31,Female
CUST-000602,2020-12-04,South,partner,40,Female
CUST-000603,2024-11-02,Central,organic,67,Female
CUST-000604,2022-01-18,West,partner,79,Male
CUST-000605,2025-06-17,South,social,25,Male
CUST-000606,2023-11-10,North,organic,59,Female
CUST-000607,2025-03-21,North,referral,55,Male
CUST-000608,2023-09-20,South,social,57,Female
CUST-000609,2021-06-08,South,organic,67,Female
CUST-000610,2024-01-18,West,organic,26,Female
CUST-000611,2026-03-12,East,social,64,Male
CUST-000612,2024-10-15,East,organic,38,Female
CUST-000613,2021-12-07,West,partner,30,Female
CUST-000614,2023-07-03,West,social,47,Female
CUST-000615,2023-05-18,West,referral,23,Female
CUST-000616,2024-02-11,Central,referral,58,Male
CUST-000617,2024-11-23,South,referral,54,Female
CUST-000618,2023-01-29,Central,paid_search,51,Female
CUST-000619,2022-10-29,East,paid_search,23,Female
CUST-000620,2021-03-19,North,referral,66,Male
CUST-000621,2022-12-11,North,social,24,Female
CUST-000622,2020-08-21,North,social,37,Male
CUST-000623,2021-09-06,Central,social,44,Female
CUST-000624,2026-03-21,North,organic,62,Female
CUST-000625,2024-04-24,Central,paid_search,45,Male
CUST-000626,2024-05-11,West,partner,69,Male
CUST-000627,2026-09-10,East,referral,76,Male
CUST-000628,2025-08-01,Central,paid_search,66,Male
CUST-000629,2022-01-31,Central,paid_search,24,Male
CUST-000630,2024-08-09,Central,organic,66,Female
CUST-000631,2025-11-09,East,paid_search,33,Female
CUST-000632,2024-12-21,South,referral,73,Male
CUST-000633,2024-12-25,North,referral,78,Female
CUST-000634,2025-09-11,Central,referral,26,Male
CUST-000635,2026-01-25,Central,paid_search,27,Female
CUST-000636,2022-02-11,East,paid_search,62,Male
CUST-000637,2021-09-03,North,social,30,Male
CUST-000638,2023-09-17,Central,referral,78,Male
CUST-000639,2022-12-28,South,paid_search,53,Male
CUST-000640,2021-02-10,East,partner,55,Female
CUST-000641,2021-08-10,West,referral,71,Female
CUST-000642,2026-07-13,North,referral,34,Female
CUST-000643,2020-12-11,North,paid_search,54,Female
CUST-000644,2026-05-16,North,partner,79,Female
CUST-000645,2026-08-01,Central,organic,23,Male
CUST-000646,2024-03-22,Central,social,32,Male
CUST-000647,2022-03-09,East,referral,30,Female
CUST-000648,2026-03-25,East,referral,41,Female
CUST-000649,2024-11-30,East,paid_search,29,Female
CUST-000650,2025-02-08,South,referral,31,Male
CUST-000651,2024-04-16,East,partner,71,Male
CUST-000652,2020-09-23,South,referral,48,Female
CUST-000653,2024-09-16,West,organic,42,Male
CUST-000654,2025-06-05,South,referral,46,Female
CUST-000655,2026-01-15,West,paid_search,78,Female
CUST-000656,2025-06-24,Central,organic,50,Male
CUST-000657,2025-11-18,South,social,49,Female
CUST-000658,2023-04-08,North,paid_search,75,Female
CUST-000659,2024-03-08,East,referral,24,Male
CUST-000660,2023-09-01,North,organic,49,Female
CUST-000661,2021-09-01,South,paid_search,65,Male
CUST-000662,2023-03-07,West,paid_search,51,Male
CUST-000663,2025-10-07,East,organic,72,Male
CUST-000664,2024-06-12,East,social,73,Female
CUST-000665,2024-11-09,West,paid_search,41,Female
CUST-000666,2021-08-30,North,referral,69,Female
CUST-000667,2024-10-25,East,referral,36,Female
CUST-000668,2025-10-25,North,referral,35,Male
CUST-000669,2022-04-02,East,referral,78,Female
CUST-000670,2024-01-25,South,referral,22,Male
CUST-000671,2026-03-01,Central,organic,42,Female
CUST-000672,2022-07-07,South,partner,58,Female
CUST-000673,2025-06-07,South,organic,45,Female
CUST-000674,2021-06-02,North,referral,71,Female
CUST-000675,2021-09-07,North,paid_search,36,Female
CUST-000676,2024-06-25,South,referral,54,Female
CUST-000677,2023-05-13,South,organic,29,Male
CUST-000678,2023-04-16,West,partner,34,Female
CUST-000679,2022-10-03,Central,referral,32,Female
CUST-000680,2026-04-15,Central,organic,64,Female
CUST-000681,2024-10-11,Central,organic,33,Female
CUST-000682,2025-09-05,Central,referral,60,Male
CUST-000683,2022-07-17,East,partner,42,Male
CUST-000684,2026-04-11,South,referral,54,Male
CUST-000685,2023-08-01,West,partner,72,Male
CUST-000686,2022-04-06,South,partner,72,Male
CUST-000687,2020-11-20,West,social,22,Female
CUST-000688,2024-12-14,Central,social,67,Female
CUST-000689,2026-08-26,North,social,77,Female
CUST-000690,2022-05-01,West,partner,60,Female
CUST-000691,2026-08-28,Central,referral,32,Female
CUST-000692,2026-04-28,East,referral,60,Female
CUST-000693,2020-09-15,South,partner,58,Female
CUST-000694,2021-06-24,South,organic,60,Male
CUST-000695,2022-06-08,North,partner,46,Female
CUST-000696,2021-08-28,South,referral,52,Female
CUST-000697,2026-04-09,West,referral,59,Female
CUST-000698,2026-03-07,East,social,48,Female
CUST-000699,2024-11-25,South,partner,66,Male
CUST-000700,2026-07-20,East,social,63,Male
CUST-000701,2021-04-21,Central,social,39,Male
CUST-000702,2026-04-27,North,social,57,Male
CUST-000703,2023-06-01,North,paid_search,65,Male
CUST-000704,2021-07-02,Central,organic,50,Female
CUST-000705,2022-03-20,West,paid_search,63,Male
CUST-000706,2025-04-11,East,partner,29,Female
CUST-000707,2023-10-20,Central,social,44,Female
CUST-000708,2023-04-29,East,social,62,Female
CUST-000709,2021-12-29,East,partner,73,Male
CUST-000710,2024-01-30,South,partner,59,Male
CUST-000711,2024-12-23,Central,social,60,Female
CUST-000712,2021-10-27,West,partner,41,Female
CUST-000713,2021-05-15,South,organic,62,Female
CUST-000714,2023-09-24,West,referral,42,Male
CUST-000715,2026-06-27,West,paid_search,25,Male
CUST-000716,2023-08-21,North,partner,36,Male
CUST-000717,2021-04-19,North,partner,57,Female
CUST-000718,2020-08-19,East,paid_search,77,Female
CUST-000719,2024-04-16,West,paid_search,50,Male
CUST-000720,2025-10-29,West,organic,71,Male
CUST-000721,2023-03-20,South,paid_search,67,Female
CUST-000722,2021-08-19,Central,social,54,Female
CUST-000723,2020-12-31,East,partner,68,Female
CUST-000724,2026-05-21,South,social,45,Male
CUST-000725,2024-11-20,North,social,47,Female
CUST-000726,2023-11-17,Central,social,64,Male
CUST-000727,2026-01-20,West,organic,59,Female
CUST-000728,2021-04-28,East,paid_search,52,Male
CUST-000729,2025-12-30,South,organic,47,Male
CUST-000730,2022-09-11,North,organic,78,Female
CUST-000731,2021-01-19,North,paid_search,25,Female
CUST-000732,2022-07-09,North,paid_search,25,Male
CUST-000733,2022-02-03,East,organic,49,Female
CUST-000734,2025-02-07,North,social,23,Male
CUST-000735,2021-08-18,North,referral,41,Male
CUST-000736,2024-03-03,South,partner,54,Male
CUST-000737,2026-05-15,West,partner,45,Female
CUST-000738,2024-07-17,East,social,33,Male
CUST-000739,2024-07-18,North,organic,38,Female
CUST-000740,2023-07-11,West,paid_search,57,Female
CUST-000741,2025-01-23,East,paid_search,77,Male
CUST-000742,2023-12-17,North,referral,67,Male
CUST-000743,2024-01-21,West,referral,53,Male
CUST-000744,2024-09-27,Central,partner,30,Male
CUST-000745,2022-07-11,East,referral,36,Female
CUST-000746,2024-10-21,North,paid_search,47,Female
CUST-000747,2022-02-07,South,referral,36,Male
CUST-000748,2025-02-17,East,social,61,Male
CUST-000749,2021-05-31,Central,referral,43,Female
CUST-000750,2024-07-04,Central,referral,70,Female
CUST-000751,2026-07-17,Central,organic,37,Male
CUST-000752,2025-11-09,Central,organic,50,Male
CUST-000753,2021-11-15,East,paid_search,63,Female
CUST-000754,2021-05-23,West,organic,33,Female
CUST-000755,2025-06-14,West,referral,66,Female
CUST-000756,2023-02-13,West,social,55,Male
CUST-000757,2023-04-14,West,referral,59,Male
CUST-000758,2025-11-18,North,partner,48,Male
CUST-000759,2023-12-18,Central,social,76,Female
CUST-000760,2022-06-26,North,partner,66,Male
CUST-000761,2020-11-14,East,partner,33,Female
CUST-000762,2021-08-02,East,partner,54,Female
CUST-000763,2026-01-18,Central,paid_search,74,Male
CUST-000764,2025-04-15,North,referral,38,Male
CUST-000765,2024-01-24,East,paid_search,53,Male
CUST-000766,2025-11-16,South,partner,65,Female
CUST-000767,2023-03-24,North,referral,37,Female
CUST-000768,2026-08-31,South,social,52,Female
CUST-000769,2025-12-21,East,organic,54,Female
CUST-000770,2026-06-05,Central,organic,32,Male
CUST-000771,2024-11-23,South,partner,32,Male
CUST-000772,2022-01-21,Central,partner,54,Male
CUST-000773,2025-09-07,West,partner,32,Female
CUST-000774,2020-08-28,Central,paid_search,77,Male
CUST-000775,2025-02-02,Central,organic,52,Male
CUST-000776,2026-06-05,West,paid_search,62,Female
CUST-000777,2024-08-24,West,referral,45,Male
CUST-000778,2022-03-12,North,referral,39,Female
CUST-000779,2026-02-12,West,social,50,Female
CUST-000780,2026-04-03,North,social,63,Female
CUST-000781,2021-06-23,West,partner,45,Female
CUST-000782,2023-02-12,West,organic,38,Male
CUST-000783,2024-08-06,West,organic,30,Female
CUST-000784,2022-01-26,West,referral,53,Female
CUST-000785,2021-08-03,South,partner,61,Female
CUST-000786,2024-06-29,South,partner,52,Male
CUST-000787,2023-05-03,East,paid_search,36,Male
CUST-000788,2026-08-23,East,organic,36,Male
CUST-000789,2024-10-21,South,paid_search,43,Female
CUST-000790,2023-02-03,East,partner,42,Male
CUST-000791,2025-07-05,East,social,33,Female
CUST-000792,2020-09-08,South,social,76,Male
CUST-000793,2020-11-03,West,referral,41,Female
CUST-000794,2025-02-21,South,organic,36,Female
CUST-000795,2024-05-02,South,social,57,Male
CUST-000796,2025-07-28,East,organic,68,Female
CUST-000797,2023-09-05,North,paid_search,48,Male
CUST-000798,2025-11-26,West,social,60,Male
CUST-000799,2024-04-26,West,referral,27,Male
CUST-000800,2023-05-03,Central,organic,52,Male
CUST-000801,2022-12-19,South,referral,25,Female
CUST-000802,2023-01-21,East,organic,29,Female
CUST-000803,2025-05-13,East,paid_search,56,Female
CUST-000804,2021-12-10,West,social,33,Female
CUST-000805,2022-06-19,West,paid_search,24,Male
CUST-000806,2022-03-06,Central,social,32,Male
CUST-000807,2023-11-08,Central,referral,66,Female
CUST-000808,2021-03-25,North,partner,56,Male
CUST-000809,2024-04-29,South,partner,44,Female
CUST-000810,2021-11-13,West,referral,78,Female
CUST-000811,2025-07-15,East,organic,44,Female
CUST-000812,2025-02-22,East,social,72,Female
CUST-000813,2023-06-26,North,referral,42,Female
CUST-000814,2023-05-08,East,partner,23,Female
CUST-000815,2022-02-21,West,referral,28,Male
CUST-000816,2024-12-13,North,partner,37,Male
CUST-000817,2021-05-22,East,paid_search,32,Female
CUST-000818,2024-09-14,Central,social,31,Female
CUST-000819,2023-06-29,East,paid_search,44,Female
CUST-000820,2020-12-22,Central,partner,78,Male
CUST-000821,2023-05-30,South,referral,33,Female
CUST-000822,2022-07-25,North,referral,35,Female
CUST-000823,2021-03-07,West,organic,79,Male
CUST-000824,2020-10-08,South,paid_search,33,Male
CUST-000825,2023-09-10,North,organic,70,Female
CUST-000826,2024-03-14,North,referral,58,Male
CUST-000827,2025-07-09,Central,partner,75,Male
CUST-000828,2023-06-10,West,referral,54,Male
CUST-000829,2021-01-24,South,partner,56,Female
CUST-000830,2023-10-11,East,paid_search,35,Male
CUST-000831,2024-08-12,South,paid_search,55,Female
CUST-000832,2026-01-25,North,referral,60,Male
CUST-000833,2024-05-01,Central,paid_search,79,Male
CUST-000834,2025-04-11,Central,social,27,Female
CUST-000835,2020-09-25,South,social,31,Male
CUST-000836,2023-07-12,South,referral,23,Female
CUST-000837,2025-10-24,Central,partner,67,Female
CUST-000838,2026-05-18,East,organic,26,Female
CUST-000839,2021-06-30,South,organic,75,Male
CUST-000840,2021-01-29,South,paid_search,43,Male
CUST-000841,2022-02-04,East,paid_search,38,Female
CUST-000842,2025-11-27,East,paid_search,78,Male
CUST-000843,2026-02-04,North,referral,63,Male
CUST-000844,2025-06-28,East,partner,53,Male
CUST-000845,2022-03-12,East,referral,73,Male
CUST-000846,2022-01-29,South,referral,65,Male
CUST-000847,2021-07-26,South,organic,58,Female
CUST-000848,2026-01-18,East,paid_search,40,Male
CUST-000849,2025-10-07,South,social,79,Female
CUST-000850,2021-04-03,Central,social,63,Female
CUST-000851,2021-02-01,East,organic,76,Male
CUST-000852,2022-04-23,East,organic,78,Female
CUST-000853,2026-01-18,South,social,53,Male
CUST-000854,2026-03-29,Central,organic,42,Male
CUST-000855,2026-04-24,North,referral,76,Male
CUST-000856,2022-07-15,East,social,79,Female
CUST-000857,2021-07-26,North,partner,29,Female
CUST-000858,2022-10-23,West,referral,59,Female
CUST-000859,2025-01-25,South,paid_search,56,Female
CUST-000860,2022-01-29,South,partner,65,Male
CUST-000861,2026-04-22,North,partner,78,Female
CUST-000862,2021-08-28,West,social,36,Female
CUST-000863,2021-03-23,South,referral,78,Male
CUST-000864,2022-05-13,South,social,59,Male
CUST-000865,2021-04-28,Central,partner,26,Male
CUST-000866,2023-03-05,North,organic,51,Male
CUST-000867,2023-10-22,East,paid_search,29,Male
CUST-000868,2024-09-20,North,partner,77,Female
CUST-000869,2021-01-21,North,organic,66,Male
CUST-000870,2022-07-11,North,partner,74,Female
CUST-000871,2025-08-03,North,paid_search,56,Female
CUST-000872,2020-12-16,Central,paid_search,45,Male
CUST-000873,2026-04-19,East,referral,46,Female
CUST-000874,2023-03-11,Central,social,76,Male
CUST-000875,2025-07-30,South,social,30,Male
CUST-000876,2022-09-02,West,referral,73,Female
CUST-000877,2024-02-19,North,organic,46,Female
CUST-000878,2024-01-23,North,social,56,Male
CUST-000879,2022-07-25,North,social,60,Female
CUST-000880,2022-01-27,Central,partner,26,Female
CUST-000881,2024-06-14,West,partner,30,Female
CUST-000882,2020-08-20,West,referral,31,Female
CUST-000883,2023-09-16,Central,organic,67,Male
CUST-000884,2025-10-04,South,organic,26,Male
CUST-000885,2026-09-05,West,organic,57,Male
CUST-000886,2025-07-06,East,social,28,Female
CUST-000887,2022-06-18,East,organic,66,Female
CUST-000888,2023-06-11,West,referral,78,Female
CUST-000889,2024-08-30,East,paid_search,46,Female
CUST-000890,2023-10-11,North,organic,34,Female
CUST-000891,2021-07-21,North,social,47,Male
CUST-000892,2023-03-26,East,organic,62,Male
CUST-000893,2026-05-06,East,social,64,Female
CUST-000894,2026-06-15,West,partner,58,Male
CUST-000895,2023-10-13,East,partner,55,Female
CUST-000896,2024-04-10,North,organic,58,Male
CUST-000897,2021-07-05,South,social,34,Female
CUST-000898,2023-02-20,East,referral,33,Female
CUST-000899,2022-02-12,Central,referral,75,Female
CUST-000900,2023-03-01,East,partner,55,Female
CUST-000901,2024-08-06,West,paid_search,71,Female
CUST-000902,2022-10-16,West,paid_search,58,Female
CUST-000903,2022-11-29,South,paid_search,48,Male
CUST-000904,2022-04-27,Central,referral,55,Female
CUST-000905,2025-07-20,West,partner,62,Female
CUST-000906,2022-11-01,Central,paid_search,32,Male
CUST-000907,2025-01-07,West,paid_search,48,Male
CUST-000908,2021-11-21,West,social,63,Male
CUST-000909,2021-11-09,North,referral,27,Female
CUST-000910,2022-11-27,East,social,26,Female
CUST-000911,2020-11-18,North,paid_search,31,Male
CUST-000912,2023-06-17,West,paid_search,56,Female
CUST-000913,2026-07-21,West,paid_search,35,Male
CUST-000914,2023-01-10,East,referral,47,Female
CUST-000915,2022-01-02,South,partner,29,Male
CUST-000916,2026-02-08,North,referral,36,Male
CUST-000917,2026-02-11,West,paid_search,23,Male
CUST-000918,2025-01-25,West,social,68,Male
CUST-000919,2021-08-03,East,referral,49,Male
CUST-000920,2023-07-03,West,paid_search,32,Female
CUST-000921,2020-10-02,West,organic,52,Male
CUST-000922,2021-05-26,East,referral,76,Male
CUST-000923,2023-04-20,North,partner,69,Female
CUST-000924,2022-08-02,Central,social,73,Male
CUST-000925,2024-09-12,East,paid_search,45,Male
CUST-000926,2026-03-09,West,organic,42,Female
CUST-000927,2024-04-03,Central,social,40,Male
CUST-000928,2023-02-13,South,referral,39,Female
CUST-000929,2025-08-11,West,organic,75,Male
CUST-000930,2025-05-11,North,organic,29,Female
CUST-000931,2026-07-19,Central,referral,71,Male
CUST-000932,2022-04-05,North,partner,75,Female
CUST-000933,2021-03-22,East,paid_search,70,Female
CUST-000934,2021-08-31,South,paid_search,58,Female
CUST-000935,2024-06-02,North,partner,71,Male
CUST-000936,2023-01-19,East,social,23,Male
CUST-000937,2020-10-27,Central,referral,69,Female
CUST-000938,2023-02-09,North,referral,51,Male
CUST-000939,2024-12-08,South,paid_search,77,Male
CUST-000940,2024-08-28,North,organic,26,Female
CUST-000941,2022-04-17,North,organic,75,Male
CUST-000942,2024-01-12,South,social,55,Male
CUST-000943,2021-08-15,East,organic,28,Female
CUST-000944,2021-05-27,West,social,51,Female
CUST-000945,2026-07-05,West,paid_search,24,Female
CUST-000946,2022-05-18,West,partner,26,Female
CUST-000947,2024-05-26,West,social,52,Male
CUST-000948,2023-07-29,South,partner,69,Male
CUST-000949,2025-01-25,Central,partner,28,Female
CUST-000950,2024-07-13,North,paid_search,37,Female
CUST-000951,2024-08-21,West,referral,44,Male
CUST-000952,2026-06-12,North,partner,53,Female
CUST-000953,2021-11-29,West,referral,22,Female
CUST-000954,2025-10-31,North,organic,59,Male
CUST-000955,2024-06-11,South,social,50,Female
CUST-000956,2025-07-06,South,organic,77,Male
CUST-000957,2025-10-16,West,social,39,Male
CUST-000958,2024-06-03,North,social,50,Female
CUST-000959,2021-01-26,South,organic,26,Male
CUST-000960,2021-01-07,South,partner,75,Male
CUST-000961,2024-06-01,West,partner,70,Female
CUST-000962,2023-08-20,Central,paid_search,42,Male
CUST-000963,2020-10-09,West,social,48,Male
CUST-000964,2025-04-09,East,organic,71,Female
CUST-000965,2021-01-13,South,paid_search,39,Male
CUST-000966,2026-01-30,Central,social,35,Female
CUST-000967,2025-05-11,North,partner,36,Male
CUST-000968,2024-08-22,North,organic,63,Female
CUST-000969,2026-07-10,South,organic,34,Male
CUST-000970,2021-09-28,South,paid_search,27,Female
CUST-000971,2021-07-12,East,organic,31,Female
CUST-000972,2024-06-08,Central,organic,79,Female
CUST-000973,2021-08-12,West,referral,72,Male
CUST-000974,2021-12-31,South,organic,77,Male
CUST-000975,2021-11-16,South,paid_search,38,Female
CUST-000976,2021-11-14,West,paid_search,47,Male
CUST-000977,2023-04-02,South,social,50,Female
CUST-000978,2025-12-31,Central,social,52,Female
CUST-000979,2021-02-06,East,social,23,Female
CUST-000980,2023-01-04,East,paid_search,56,Male
CUST-000981,2021-04-05,Central,referral,24,Female
CUST-000982,2020-10-25,South,referral,37,Female
CUST-000983,2025-08-04,East,social,38,Male
CUST-000984,2024-03-23,East,partner,61,Female
CUST-000985,2025-07-11,South,social,73,Male
CUST-000986,2026-06-12,North,referral,62,Male
CUST-000987,2020-11-04,South,social,47,Male
CUST-000988,2021-02-13,North,partner,52,Female
CUST-000989,2020-12-27,West,partner,51,Female
CUST-000990,2021-05-06,North,partner,30,Female
CUST-000991,2022-10-07,South,paid_search,77,Female
CUST-000992,2023-07-02,Central,partner,75,Female
CUST-000993,2020-09-14,East,paid_search,35,Male
CUST-000994,2023-05-07,West,partner,28,Male
CUST-000995,2022-10-18,West,paid_search,31,Male
CUST-000996,2025-05-30,South,partner,58,Female
CUST-000997,2022-03-01,West,referral,23,Male
CUST-000998,2021-10-02,South,partner,27,Male
CUST-000999,2022-08-03,West,paid_search,59,Male
CUST-001000,2023-08-20,West,partner,30,Female
CUST-001001,2025-06-20,Central,social,25,Female
CUST-001002,2026-07-06,Central,organic,23,Female
CUST-001003,2022-11-20,North,paid_search,62,Male
CUST-001004,2022-08-15,South,partner,43,Male
CUST-001005,2022-01-07,East,social,38,Female
CUST-001006,2020-12-07,South,partner,59,Male
CUST-001007,2023-08-28,West,referral,31,Female
CUST-001008,2021-08-29,Central,paid_search,52,Female
CUST-001009,2022-05-04,South,social,50,Male
CUST-001010,2025-01-09,Central,social,61,Female
CUST-001011,2021-08-02,Central,social,58,Male
CUST-001012,2026-06-09,Central,paid_search,61,Male
CUST-001013,2023-02-02,North,referral,34,Female
CUST-001014,2021-01-06,South,paid_search,30,Female
CUST-001015,2022-08-21,North,social,52,Male
CUST-001016,2020-12-25,North,social,25,Female
CUST-001017,2026-05-13,North,organic,48,Female
CUST-001018,2023-06-20,East,paid_search,58,Male
CUST-001019,2021-12-28,North,referral,69,Female
CUST-001020,2022-11-06,South,referral,59,Female
CUST-001021,2021-05-02,Central,referral,79,Male
CUST-001022,2023-12-12,Central,paid_search,54,Male
CUST-001023,2022-08-16,Central,partner,47,Female
CUST-001024,2024-03-05,North,social,36,Male
CUST-001025,2021-05-25,West,social,61,Female
CUST-001026,2026-01-06,West,referral,69,Female
CUST-001027,2025-03-07,North,social,40,Female
CUST-001028,2026-01-17,Central,partner,26,Male
CUST-001029,2022-05-19,East,organic,22,Male
CUST-001030,2025-05-04,Central,partner,58,Female
CUST-001031,2024-10-15,North,paid_search,60,Male
CUST-001032,2021-07-28,West,partner,28,Female
CUST-001033,2024-06-26,North,partner,23,Female
CUST-001034,2025-10-20,Central,social,59,Female
CUST-001035,2026-07-20,West,social,45,Female
CUST-001036,2025-04-29,North,social,46,Male
CUST-001037,2021-03-14,South,referral,37,Male
CUST-001038,2023-05-11,South,referral,63,Male
CUST-001039,2020-08-26,North,referral,65,Female
CUST-001040,2025-05-30,North,social,25,Female
CUST-001041,2024-08-03,Central,paid_search,27,Female
CUST-001042,2025-10-05,Central,referral,54,Female
CUST-001043,2024-03-27,East,partner,56,Male
CUST-001044,2023-04-05,Central,organic,30,Female
CUST-001045,2021-11-12,West,partner,31,Male
CUST-001046,2024-06-18,North,paid_search,61,Male
CUST-001047,2022-01-06,West,paid_search,48,Male
CUST-001048,2022-12-09,North,partner,28,Male
CUST-001049,2024-12-14,Central,organic,57,Female
CUST-001050,2021-03-03,South,organic,26,Male
CUST-001051,2024-01-18,North,referral,35,Male
CUST-001052,2025-10-13,South,referral,63,Female
CUST-001053,2020-11-09,West,organic,34,Female
CUST-001054,2021-03-12,Central,paid_search,25,Male
CUST-001055,2026-06-15,East,paid_search,77,Male
CUST-001056,2021-03-30,North,referral,35,Female
CUST-001057,2020-12-08,Central,paid_search,51,Female
CUST-001058,2021-08-25,West,organic,69,Male
CUST-001059,2025-03-06,East,referral,79,Male
CUST-001060,2022-10-28,East,social,68,Male
CUST-001061,2023-06-15,Central,referral,41,Male
CUST-001062,2022-12-08,South,paid_search,71,Female
CUST-001063,2022-12-05,North,referral,22,Male
CUST-001064,2022-11-15,North,organic,40,Female
CUST-001065,2023-08-05,West,paid_search,33,Male
CUST-001066,2022-07-03,Central,referral,52,Female
CUST-001067,2023-07-06,West,referral,73,Female
CUST-001068,2026-08-02,West,referral,66,Male
CUST-001069,2026-06-25,South,social,79,Female
CUST-001070,2020-11-23,East,partner,29,Female
CUST-001071,2021-03-17,North,organic,65,Female
CUST-001072,2023-02-27,South,referral,64,Male
CUST-001073,2025-08-20,West,referral,48,Male
CUST-001074,2021-11-20,Central,organic,27,Female
CUST-001075,2025-11-07,Central,paid_search,28,Male
CUST-001076,2024-05-25,Central,social,74,Female
CUST-001077,2024-08-23,North,paid_search,39,Female
CUST-001078,2026-09-06,Central,referral,58,Male
CUST-001079,2021-10-21,South,paid_search,76,Male
CUST-001080,2023-07-30,West,organic,50,Female
CUST-001081,2024-09-24,Central,paid_search,34,Male
CUST-001082,2023-07-26,Central,partner,50,Male
CUST-001083,2026-08-24,West,social,35,Female
CUST-001084,2024-01-19,South,partner,32,Male
CUST-001085,2023-07-23,East,social,69,Male
CUST-001086,2024-09-04,West,partner,42,Male
CUST-001087,2021-08-31,East,partner,61,Male
CUST-001088,2025-02-27,East,referral,64,Male
CUST-001089,2025-10-22,East,organic,53,Male
CUST-001090,2023-07-07,East,referral,53,Female
CUST-001091,2021-05-08,North,social,32,Male
CUST-001092,2024-05-26,Central,referral,52,Female
CUST-001093,2026-05-20,North,partner,65,Male
CUST-001094,2020-10-20,Central,organic,33,Female
CUST-001095,2024-01-12,North,paid_search,35,Male
CUST-001096,2025-08-20,East,paid_search,62,Female
CUST-001097,2022-12-24,East,paid_search,78,Male
CUST-001098,2024-10-12,East,social,44,Female
CUST-001099,2021-01-16,East,referral,70,Female
CUST-001100,2024-12-10,Central,partner,32,Male
CUST-001101,2023-04-21,North,partner,55,Female
CUST-001102,2023-05-26,Central,referral,76,Male
CUST-001103,2025-03-31,West,social,47,Male
CUST-001104,2023-08-30,West,paid_search,51,Male
CUST-001105,2026-02-03,North,organic,30,Female
CUST-001106,2022-10-20,North,partner,52,Female
CUST-001107,2022-02-11,South,partner,55,Female
CUST-001108,2020-12-07,South,paid_search,78,Female
CUST-001109,2024-10-10,West,social,33,Female
CUST-001110,2024-12-22,Central,organic,43,Female
CUST-001111,2023-05-02,East,paid_search,59,Female
CUST-001112,2022-06-27,West,organic,76,Male
CUST-001113,2020-08-20,North,organic,35,Female
CUST-001114,2026-08-12,West,partner,62,Male
CUST-001115,2025-03-20,North,partner,73,Male
CUST-001116,2025-02-12,West,partner,58,Female
CUST-001117,2025-02-24,South,social,46,Male
CUST-001118,2023-11-26,East,organic,35,Male
CUST-001119,2021-05-24,South,partner,38,Female
CUST-001120,2026-07-14,East,organic,25,Female
CUST-001121,2021-09-19,Central,social,30,Male
CUST-001122,2022-11-24,Central,partner,47,Male
CUST-001123,2023-01-13,South,partner,30,Male
CUST-001124,2022-08-01,South,referral,22,Male
CUST-001125,2025-12-23,East,paid_search,62,Male
CUST-001126,2022-03-04,West,partner,26,Female
CUST-001127,2025-03-07,North,social,30,Male
CUST-001128,2023-08-09,West,organic,56,Female
CUST-001129,2022-08-02,Central,social,75,Male
CUST-001130,2022-12-18,Central,partner,64,Female
CUST-001131,2024-09-28,East,organic,23,Female
CUST-001132,2024-04-26,South,social,31,Male
CUST-001133,2023-10-25,South,organic,64,Female
CUST-001134,2026-05-25,West,partner,64,Male
CUST-001135,2022-04-05,East,organic,44,Female
CUST-001136,2026-01-23,North,organic,77,Female
CUST-001137,2023-12-08,West,partner,73,Female
CUST-001138,2022-09-30,North,partner,65,Female
CUST-001139,2026-04-08,Central,partner,65,Female
CUST-001140,2020-08-19,East,paid_search,67,Male
CUST-001141,2024-05-27,South,social,30,Male
CUST-001142,2026-07-31,North,organic,62,Female
CUST-001143,2022-09-03,North,social,76,Female
CUST-001144,2023-05-03,Central,paid_search,35,Male
CUST-001145,2022-10-24,East,partner,22,Female
CUST-001146,2022-03-10,Central,social,42,Male
CUST-001147,2023-10-24,Central,paid_search,37,Male
CUST-001148,2021-09-08,North,referral,77,Female
CUST-001149,2024-06-13,South,social,47,Female
CUST-001150,2023-05-26,Central,social,60,Female
CUST-001151,2025-09-26,East,paid_search,78,Female
CUST-001152,2022-12-07,East,referral,67,Male
CUST-001153,2025-01-27,East,paid_search,65,Female
CUST-001154,2022-06-26,West,referral,78,Male
CUST-001155,2021-10-24,Central,paid_search,61,Female
CUST-001156,2021-06-19,Central,organic,35,Female
CUST-001157,2021-01-21,West,social,64,Male
CUST-001158,2026-01-03,East,partner,40,Female
CUST-001159,2025-11-10,South,referral,41,Male
CUST-001160,2021-02-13,North,organic,59,Female
CUST-001161,2024-05-31,West,organic,40,Male
CUST-001162,2026-07-29,North,referral,23,Male
CUST-001163,2024-12-27,West,partner,79,Female
CUST-001164,2021-08-17,East,paid_search,55,Female
CUST-001165,2024-07-26,West,partner,60,Male
CUST-001166,2026-03-25,Central,paid_search,68,Female
CUST-001167,2022-04-27,East,organic,58,Female
CUST-001168,2025-07-02,East,referral,57,Female
CUST-001169,2024-08-16,East,organic,67,Female
CUST-001170,2026-09-02,South,organic,39,Male
CUST-001171,2023-01-28,North,organic,70,Female
CUST-001172,2023-12-30,North,paid_search,63,Female
CUST-001173,2021-05-31,West,referral,32,Female
CUST-001174,2024-09-01,Central,social,30,Female
CUST-001175,2025-07-01,North,paid_search,73,Female
CUST-001176,2025-09-07,South,organic,73,Female
CUST-001177,2025-06-29,West,organic,79,Female
CUST-001178,2024-01-08,West,paid_search,27,Female
CUST-001179,2026-03-04,West,paid_search,73,Female
CUST-001180,2024-04-05,West,paid_search,72,Female
CUST-001181,2021-06-26,North,social,66,Male
CUST-001182,2021-12-21,South,paid_search,50,Male
CUST-001183,2022-10-29,East,partner,51,Female
CUST-001184,2021-04-13,North,partner,46,Male
CUST-001185,2021-12-27,South,organic,23,Female
CUST-001186,2022-10-08,South,paid_search,51,Female
CUST-001187,2021-06-16,Central,referral,35,Male
CUST-001188,2025-12-12,South,referral,33,Male
CUST-001189,2021-09-18,Central,organic,25,Male
CUST-001190,2024-12-04,West,partner,48,Male
CUST-001191,2022-04-11,West,paid_search,24,Female
CUST-001192,2021-03-13,Central,paid_search,71,Female
CUST-001193,2023-08-29,Central,partner,73,Male
CUST-001194,2026-02-24,South,social,68,Male
CUST-001195,2024-06-07,East,social,39,Male
CUST-001196,2024-04-14,East,social,31,Female
CUST-001197,2021-01-06,Central,referral,51,Female
CUST-001198,2020-12-28,North,organic,61,Male
CUST-001199,2023-04-14,East,paid_search,23,Female
CUST-001200,2020-12-08,South,paid_search,71,Male
CUST-001201,2024-02-16,South,paid_search,47,Female
CUST-001202,2024-03-03,West,paid_search,69,Male
CUST-001203,2021-08-12,South,organic,26,Female
CUST-001204,2022-09-11,West,organic,46,Female
CUST-001205,2023-07-15,Central,partner,48,Male
CUST-001206,2023-11-26,West,referral,24,Female
CUST-001207,2022-06-03,North,organic,63,Female
CUST-001208,2022-01-18,North,referral,76,Male
CUST-001209,2023-10-06,East,social,53,Male
CUST-001210,2026-07-12,East,referral,44,Male
CUST-001211,2026-02-09,West,paid_search,58,Female
CUST-001212,2025-10-19,East,paid_search,42,Male
CUST-001213,2023-11-30,North,paid_search,42,Male
CUST-001214,2023-01-07,Central,paid_search,66,Female
CUST-001215,2021-10-28,Central,social,56,Female
CUST-001216,2025-05-01,West,social,37,Female
CUST-001217,2021-12-13,West,paid_search,45,Male
CUST-001218,2022-08-26,Central,social,70,Female
CUST-001219,2026-06-14,East,social,52,Male
CUST-001220,2024-08-11,North,organic,26,Male
CUST-001221,2024-10-26,West,referral,71,Female
CUST-001222,2021-05-04,East,partner,64,Female
CUST-001223,2021-02-09,West,referral,37,Female
CUST-001224,2021-10-15,West,referral,78,Male
CUST-001225,2023-07-01,East,referral,77,Female
CUST-001226,2023-09-27,South,partner,79,Male
CUST-001227,2024-11-10,East,paid_search,43,Male
CUST-001228,2022-01-04,West,referral,75,Male
CUST-001229,2026-03-08,West,paid_search,68,Female
CUST-001230,2025-01-20,East,social,72,Male
CUST-001231,2025-11-24,East,organic,53,Female
CUST-001232,2023-09-09,Central,organic,38,Male
CUST-001233,2024-12-01,South,organic,35,Female
CUST-001234,2025-06-20,North,paid_search,78,Female
CUST-001235,2024-06-07,West,partner,51,Female
CUST-001236,2021-07-13,Central,social,75,Male
CUST-001237,2023-05-10,West,referral,54,Male
CUST-001238,2021-08-29,East,organic,52,Female
CUST-001239,2021-02-16,South,paid_search,26,Male
CUST-001240,2021-04-08,East,organic,45,Female
CUST-001241,2024-08-15,North,referral,54,Male
CUST-001242,2021-05-12,East,partner,28,Female
CUST-001243,2021-03-05,South,organic,31,Male
CUST-001244,2020-11-14,South,partner,56,Male
CUST-001245,2024-08-15,East,paid_search,36,Male
CUST-001246,2025-04-28,Central,partner,62,Female
CUST-001247,2023-02-22,South,social,48,Female
CUST-001248,2021-01-10,Central,partner,45,Male
CUST-001249,2021-04-02,East,partner,28,Male
CUST-001250,2023-03-31,Central,partner,45,Male
CUST-001251,2025-10-27,South,organic,53,Female
CUST-001252,2024-02-17,Central,organic,55,Male
CUST-001253,2022-04-22,West,paid_search,37,Male
CUST-001254,2023-05-09,West,partner,23,Female
CUST-001255,2024-07-18,East,partner,76,Female
CUST-001256,2024-08-15,East,partner,77,Female
CUST-001257,2026-04-20,East,paid_search,74,Female
CUST-001258,2024-12-12,Central,social,38,Female
CUST-001259,2022-09-13,West,referral,56,Female
CUST-001260,2025-04-14,North,paid_search,30,Female
CUST-001261,2020-09-13,West,partner,74,Female
CUST-001262,2026-03-05,Central,organic,22,Female
CUST-001263,2023-02-27,West,referral,49,Male
CUST-001264,2023-08-26,East,partner,71,Female
CUST-001265,2021-09-16,South,partner,64,Female
CUST-001266,2021-05-09,West,paid_search,72,Female
CUST-001267,2023-06-14,West,organic,50,Female
CUST-001268,2022-11-12,South,organic,27,Male
CUST-001269,2022-05-26,East,organic,22,Male
CUST-001270,2023-06-29,South,social,30,Female
CUST-001271,2025-08-11,North,partner,25,Female
CUST-001272,2024-02-07,North,referral,47,Female
CUST-001273,2025-03-21,North,referral,24,Female
CUST-001274,2023-11-30,East,paid_search,32,Female
CUST-001275,2023-01-09,East,organic,46,Male
CUST-001276,2025-05-20,East,organic,64,Male
CUST-001277,2025-03-13,Central,partner,61,Female
CUST-001278,2021-09-08,South,organic,25,Male
CUST-001279,2024-05-28,South,organic,74,Male
CUST-001280,2025-07-02,South,partner,53,Female
CUST-001281,2022-05-16,South,referral,42,Female
CUST-001282,2022-04-24,East,referral,44,Male
CUST-001283,2021-09-10,South,paid_search,71,Male
CUST-001284,2022-01-26,South,organic,48,Male
CUST-001285,2020-09-06,West,referral,36,Male
CUST-001286,2023-03-26,Central,paid_search,46,Female
CUST-001287,2024-12-21,South,referral,25,Male
CUST-001288,2021-06-24,North,organic,30,Female
CUST-001289,2025-01-19,South,paid_search,40,Male
CUST-001290,2024-11-30,East,organic,34,Female
CUST-001291,2021-09-15,Central,referral,42,Male
CUST-001292,2021-05-01,North,paid_search,25,Female
CUST-001293,2024-09-03,North,paid_search,57,Female
CUST-001294,2022-03-27,East,referral,28,Male
CUST-001295,2021-02-08,Central,referral,34,Male
CUST-001296,2021-10-27,East,paid_search,78,Male
CUST-001297,2026-09-03,Central,partner,22,Male
CUST-001298,2022-08-27,West,paid_search,38,Female
CUST-001299,2025-09-04,North,paid_search,51,Female
CUST-001300,2021-08-06,East,referral,39,Male
CUST-001301,2026-05-12,West,organic,40,Male
CUST-001302,2020-08-23,East,referral,29,Female
CUST-001303,2025-09-14,North,referral,46,Female
CUST-001304,2024-03-10,North,organic,65,Female
CUST-001305,2025-04-05,West,referral,56,Female
CUST-001306,2021-10-13,East,organic,75,Female
CUST-001307,2024-04-20,East,partner,62,Female
CUST-001308,2022-03-08,South,organic,67,Female
CUST-001309,2026-05-11,South,organic,47,Male
CUST-001310,2023-12-10,West,paid_search,57,Female
CUST-001311,2021-03-12,North,partner,55,Male
CUST-001312,2021-01-27,East,partner,69,Female
CUST-001313,2025-06-03,South,referral,51,Female
CUST-001314,2024-05-11,West,organic,45,Male
CUST-001315,2024-03-22,West,paid_search,26,Male
CUST-001316,2023-03-29,East,partner,71,Male
CUST-001317,2023-06-05,South,organic,47,Female
CUST-001318,2026-01-31,South,partner,68,Male
CUST-001319,2022-01-27,South,paid_search,61,Male
CUST-001320,2025-05-13,South,organic,22,Female
CUST-001321,2024-10-23,West,partner,59,Female
CUST-001322,2021-08-10,North,organic,50,Male
CUST-001323,2022-07-17,North,paid_search,35,Male
CUST-001324,2024-05-02,East,organic,37,Female
CUST-001325,2021-02-19,South,referral,59,Female
CUST-001326,2024-04-26,Central,organic,27,Female
CUST-001327,2023-04-08,West,organic,57,Male
CUST-001328,2025-04-06,West,referral,71,Male
CUST-001329,2025-07-31,East,social,27,Male
CUST-001330,2023-10-11,East,organic,22,Female
CUST-001331,2023-03-24,East,referral,25,Male
CUST-001332,2021-11-08,North,social,64,Male
CUST-001333,2024-05-11,East,paid_search,71,Male
CUST-001334,2021-04-15,Central,referral,79,Male
CUST-001335,2022-12-27,South,social,23,Female
CUST-001336,2026-04-17,North,partner,49,Male
CUST-001337,2022-03-24,East,paid_search,24,Female
CUST-001338,2023-03-19,South,partner,43,Male
CUST-001339,2024-05-14,West,partner,39,Male
CUST-001340,2023-11-15,Central,referral,57,Female
CUST-001341,2024-10-19,Central,referral,74,Female
CUST-001342,2023-01-13,South,social,68,Female
CUST-001343,2023-04-05,Central,social,25,Male
CUST-001344,2023-12-21,North,social,35,Female
CUST-001345,2025-01-12,South,partner,37,Male
CUST-001346,2024-03-29,South,paid_search,36,Female
CUST-001347,2023-09-06,Central,organic,42,Male
CUST-001348,2023-11-04,West,organic,57,Female
CUST-001349,2024-10-20,South,social,64,Male
CUST-001350,2023-02-27,North,paid_search,76,Female
CUST-001351,2025-05-08,West,organic,62,Male
CUST-001352,2023-08-20,West,paid_search,39,Female
CUST-001353,2025-12-30,Central,organic,32,Female
CUST-001354,2023-11-15,East,referral,43,Male
CUST-001355,2021-12-05,North,referral,68,Male
CUST-001356,2021-10-10,South,paid_search,79,Female
CUST-001357,2022-06-28,West,partner,44,Female
CUST-001358,2022-02-21,South,referral,32,Female
CUST-001359,2026-05-17,North,social,22,Female
CUST-001360,2024-08-24,Central,partner,26,Male
CUST-001361,2022-09-20,East,organic,58,Male
CUST-001362,2021-10-18,South,paid_search,56,Male
CUST-001363,2023-02-27,East,partner,59,Male
CUST-001364,2021-07-08,West,referral,23,Male
CUST-001365,2025-02-11,North,partner,47,Female
CUST-001366,2025-09-19,East,paid_search,32,Male
CUST-001367,2026-03-06,South,organic,41,Male
CUST-001368,2023-03-08,North,partner,58,Female
CUST-001369,2022-08-25,North,partner,37,Female
CUST-001370,2024-12-26,East,partner,60,Male
CUST-001371,2021-11-22,East,referral,38,Female
CUST-001372,2022-03-22,East,organic,51,Female
CUST-001373,2024-06-21,West,partner,48,Female
CUST-001374,2025-04-12,East,partner,44,Female
CUST-001375,2022-03-13,East,partner,29,Female
CUST-001376,2022-08-11,Central,organic,55,Male
CUST-001377,2025-08-29,West,partner,79,Female
CUST-001378,2025-03-01,Central,partner,59,Female
CUST-001379,2023-09-22,South,social,65,Female
CUST-001380,2023-07-23,West,referral,68,Female
CUST-001381,2025-08-23,West,partner,24,Female
CUST-001382,2020-12-14,East,referral,67,Female
CUST-001383,2024-04-27,North,partner,36,Male
CUST-001384,2024-05-23,East,partner,60,Male
CUST-001385,2026-04-19,Central,partner,79,Male
CUST-001386,2021-06-07,West,social,73,Female
CUST-001387,2025-03-25,North,organic,46,Female
CUST-001388,2020-09-04,South,partner,70,Male
CUST-001389,2023-09-13,East,partner,57,Male
CUST-001390,2021-06-07,Central,referral,29,Male
CUST-001391,2025-08-10,East,referral,35,Male
CUST-001392,2025-08-20,Central,partner,77,Male
CUST-001393,2021-11-11,West,referral,75,Male
CUST-001394,2021-10-14,South,referral,73,Male
CUST-001395,2023-05-31,North,social,44,Female
CUST-001396,2026-07-01,Central,partner,40,Female
CUST-001397,2020-12-31,East,paid_search,68,Female
CUST-001398,2024-05-13,Central,social,23,Male
CUST-001399,2021-01-02,Central,paid_search,74,Female
CUST-001400,2021-05-21,East,organic,57,Female
CUST-001401,2021-07-15,North,social,58,Female
CUST-001402,2022-06-24,Central,paid_search,47,Male
CUST-001403,2022-08-14,East,paid_search,78,Female
CUST-001404,2023-07-11,North,paid_search,65,Female
CUST-001405,2026-07-22,East,referral,25,Female
CUST-001406,2024-05-09,North,organic,52,Male
CUST-001407,2022-04-02,South,organic,71,Female
CUST-001408,2021-10-06,South,paid_search,26,Female
CUST-001409,2023-04-30,East,paid_search,64,Male
CUST-001410,2022-06-05,East,organic,36,Female
CUST-001411,2026-08-04,Central,social,51,Female
CUST-001412,2023-10-24,South,referral,73,Male
CUST-001413,2023-08-01,West,organic,50,Female
CUST-001414,2021-04-01,Central,organic,24,Female
CUST-001415,2024-10-23,West,social,23,Male
CUST-001416,2025-05-05,South,paid_search,64,Male
CUST-001417,2024-07-23,West,organic,75,Female
CUST-001418,2025-08-26,South,partner,38,Female
CUST-001419,2023-04-22,East,social,76,Male
CUST-001420,2022-11-03,West,paid_search,48,Female
CUST-001421,2021-10-31,South,partner,25,Male
CUST-001422,2020-11-13,North,referral,52,Male
CUST-001423,2026-04-14,Central,organic,78,Female
CUST-001424,2025-03-15,West,partner,36,Male
CUST-001425,2024-11-28,North,social,77,Female
CUST-001426,2025-03-09,South,social,59,Male
CUST-001427,2021-09-08,South,organic,44,Female
CUST-001428,2025-10-29,Central,referral,62,Female
CUST-001429,2026-07-07,Central,partner,45,Male
CUST-001430,2021-07-13,West,organic,26,Female
CUST-001431,2020-10-31,East,social,72,Male
CUST-001432,2025-05-01,North,organic,43,Male
CUST-001433,2024-09-12,South,paid_search,54,Male
CUST-001434,2023-09-09,North,social,65,Male
CUST-001435,2023-07-11,West,referral,26,Male
CUST-001436,2020-08-27,North,partner,63,Male
CUST-001437,2024-04-10,West,referral,43,Female
CUST-001438,2026-09-16,Central,partner,53,Female
CUST-001439,2024-03-09,South,organic,48,Female
CUST-001440,2023-05-04,West,partner,67,Male
CUST-001441,2023-07-25,Central,organic,32,Male
CUST-001442,2023-08-16,East,organic,28,Male
CUST-001443,2021-01-20,East,referral,45,Female
CUST-001444,2021-11-07,South,referral,28,Female
CUST-001445,2025-03-08,East,organic,36,Male
CUST-001446,2024-08-16,Central,partner,60,Male
CUST-001447,2022-09-08,West,paid_search,69,Male
CUST-001448,2024-04-03,South,social,62,Female
CUST-001449,2024-01-29,East,organic,40,Male
CUST-001450,2025-08-24,West,paid_search,69,Male
CUST-001451,2025-03-03,North,paid_search,45,Female
CUST-001452,2022-03-15,West,referral,32,Male
CUST-001453,2021-08-06,South,referral,65,Female
CUST-001454,2021-11-24,South,organic,51,Female
CUST-001455,2024-10-28,East,referral,43,Female
CUST-001456,2025-11-30,East,social,60,Male
CUST-001457,2025-10-02,Central,organic,64,Female
CUST-001458,2024-05-02,South,paid_search,34,Male
CUST-001459,2023-07-19,South,referral,28,Female
CUST-001460,2021-03-31,South,partner,51,Female
CUST-001461,2021-03-31,Central,organic,24,Female
CUST-001462,2026-09-06,Central,paid_search,59,Female
CUST-001463,2022-06-03,East,paid_search,47,Female
CUST-001464,2024-11-25,West,partner,34,Female
CUST-001465,2025-06-22,Central,organic,56,Male
CUST-001466,2023-04-25,Central,partner,43,Male
CUST-001467,2026-06-29,West,referral,44,Male
CUST-001468,2024-08-24,East,paid_search,34,Male
CUST-001469,2023-05-18,Central,social,61,Female
CUST-001470,2025-02-07,South,social,74,Male
CUST-001471,2023-02-09,South,social,57,Male
CUST-001472,2023-11-28,West,social,35,Female
CUST-001473,2021-10-25,North,paid_search,70,Male
CUST-001474,2025-08-13,East,social,29,Female
CUST-001475,2026-05-13,Central,organic,38,Female
CUST-001476,2023-07-04,North,paid_search,24,Female
CUST-001477,2025-02-17,Central,referral,71,Female
CUST-001478,2022-06-17,East,partner,24,Female
CUST-001479,2026-02-20,Central,referral,53,Male
CUST-001480,2023-04-12,West,referral,33,Male
CUST-001481,2020-09-08,North,paid_search,34,Male
CUST-001482,2026-02-28,West,referral,57,Female
CUST-001483,2024-10-26,North,referral,68,Female
CUST-001484,2021-07-22,South,referral,23,Male
CUST-001485,2023-07-18,Central,referral,31,Male
CUST-001486,2025-09-15,Central,partner,38,Male
CUST-001487,2025-06-03,North,paid_search,76,Male
CUST-001488,2022-01-30,South,organic,25,Female
CUST-001489,2021-07-10,North,paid_search,32,Male
CUST-001490,2024-06-28,South,referral,45,Female
CUST-001491,2023-11-10,Central,organic,40,Male
CUST-001492,2021-11-19,North,organic,24,Male
CUST-001493,2025-09-11,West,social,53,Female
CUST-001494,2025-05-29,Central,paid_search,57,Male
CUST-001495,2022-01-01,Central,partner,32,Male
CUST-001496,2025-08-14,South,organic,61,Female
CUST-001497,2021-12-29,West,social,25,Male
CUST-001498,2023-09-13,East,paid_search,64,Male
CUST-001499,2020-08-31,North,paid_search,37,Male
CUST-001500,2026-06-29,South,partner,35,Female
CUST-001501,2020-12-14,West,paid_search,33,Female
CUST-001502,2025-05-11,West,referral,72,Female
CUST-001503,2026-07-10,East,partner,51,Male
CUST-001504,2022-04-21,West,organic,62,Male
CUST-001505,2023-07-12,West,organic,33,Male
CUST-001506,2021-07-21,South,partner,25,Male
CUST-001507,2026-01-30,South,paid_search,24,Female
CUST-001508,2026-03-20,Central,social,47,Male
CUST-001509,2023-03-24,Central,social,40,Female
CUST-001510,2021-05-09,North,social,66,Female
CUST-001511,2024-04-01,West,social,67,Female
CUST-001512,2021-10-26,North,social,40,Male
CUST-001513,2021-03-15,Central,paid_search,47,Male
CUST-001514,2021-05-29,East,social,44,Female
CUST-001515,2023-08-04,West,paid_search,61,Female
CUST-001516,2022-07-16,West,referral,58,Male
CUST-001517,2023-06-22,West,organic,59,Male
CUST-001518,2022-08-10,South,social,25,Female
CUST-001519,2023-03-22,Central,referral,41,Female
CUST-001520,2023-07-12,East,social,78,Male
CUST-001521,2024-01-31,East,paid_search,41,Female
CUST-001522,2022-10-06,South,paid_search,32,Male
CUST-001523,2022-02-20,North,referral,33,Female
CUST-001524,2021-01-18,East,social,23,Female
CUST-001525,2022-12-24,South,referral,67,Male
CUST-001526,2026-01-21,West,partner,22,Female
CUST-001527,2023-02-23,South,paid_search,56,Male
CUST-001528,2024-10-08,Central,partner,45,Male
CUST-001529,2026-07-21,West,partner,27,Female
CUST-001530,2026-04-02,East,social,73,Male
CUST-001531,2023-02-06,West,organic,65,Female
CUST-001532,2021-01-11,West,paid_search,69,Female
CUST-001533,2023-08-27,West,organic,76,Female
CUST-001534,2024-01-08,East,referral,74,Male
CUST-001535,2026-02-27,Central,partner,62,Male
CUST-001536,2022-08-16,South,partner,52,Male
CUST-001537,2026-04-29,East,partner,62,Female
CUST-001538,2021-07-29,South,partner,48,Male
CUST-001539,2021-10-02,East,social,32,Female
CUST-001540,2020-08-28,Central,social,44,Male
CUST-001541,2024-12-18,West,referral,49,Male
CUST-001542,2025-09-22,South,social,24,Female
CUST-001543,2024-12-03,Central,organic,71,Female
CUST-001544,2021-10-21,West,partner,74,Female
CUST-001545,2025-05-20,East,referral,46,Male
CUST-001546,2021-05-13,North,social,50,Female
CUST-001547,2025-10-07,East,referral,70,Female
CUST-001548,2026-05-26,Central,organic,48,Female
CUST-001549,2025-05-02,East,partner,61,Female
CUST-001550,2022-02-11,North,social,51,Male
CUST-001551,2023-02-02,North,organic,37,Male
CUST-001552,2024-08-05,Central,organic,68,Female
CUST-001553,2022-09-25,East,partner,33,Male
CUST-001554,2022-10-02,West,referral,35,Male
CUST-001555,2023-05-14,South,referral,62,Male
CUST-001556,2023-08-16,North,organic,63,Male
CUST-001557,2026-02-07,East,referral,77,Male
CUST-001558,2025-03-14,West,referral,63,Female
CUST-001559,2023-06-22,South,social,23,Female
CUST-001560,2025-12-09,West,paid_search,71,Male
CUST-001561,2023-10-29,East,paid_search,46,Male
CUST-001562,2026-01-13,South,organic,22,Male
CUST-001563,2021-12-03,South,referral,55,Female
CUST-001564,2026-01-18,South,partner,31,Male
CUST-001565,2026-02-27,South,paid_search,46,Male
CUST-001566,2022-11-08,West,partner,49,Female
CUST-001567,2025-04-25,South,social,26,Female
CUST-001568,2024-08-01,West,organic,71,Male
CUST-001569,2024-11-09,South,referral,51,Female
CUST-001570,2025-05-19,South,partner,77,Female
CUST-001571,2022-01-18,Central,organic,48,Male
CUST-001572,2022-07-01,Central,organic,56,Female
CUST-001573,2025-04-17,East,paid_search,69,Male
CUST-001574,2022-07-05,South,organic,34,Female
CUST-001575,2022-05-03,West,paid_search,74,Male
CUST-001576,2023-05-21,North,organic,32,Male
CUST-001577,2023-02-25,East,social,79,Female
CUST-001578,2021-01-10,East,referral,59,Female
CUST-001579,2023-12-02,West,paid_search,52,Male
CUST-001580,2024-05-12,North,partner,34,Male
CUST-001581,2023-06-03,North,organic,55,Female
CUST-001582,2021-08-01,South,referral,54,Female
CUST-001583,2022-06-02,North,partner,79,Female
CUST-001584,2026-04-05,East,social,70,Female
CUST-001585,2023-12-04,Central,paid_search,50,Male
CUST-001586,2022-02-23,South,referral,44,Male
CUST-001587,2025-05-02,East,partner,44,Female
CUST-001588,2020-09-15,South,partner,43,Female
CUST-001589,2021-10-25,North,organic,22,Male
CUST-001590,2021-07-30,West,social,24,Female
CUST-001591,2026-03-28,South,paid_search,65,Male
CUST-001592,2023-02-25,East,paid_search,36,Male
CUST-001593,2023-07-13,West,organic,45,Male
CUST-001594,2022-11-18,Central,organic,62,Male
CUST-001595,2021-06-18,North,paid_search,57,Male
CUST-001596,2024-08-12,East,organic,42,Female
CUST-001597,2023-07-12,Central,partner,65,Male
CUST-001598,2022-08-10,East,referral,31,Female
CUST-001599,2022-02-18,North,paid_search,49,Female
CUST-001600,2021-12-20,South,referral,28,Female
CUST-001601,2024-09-09,West,partner,52,Male
CUST-001602,2020-08-29,West,organic,27,Male
CUST-001603,2026-09-09,South,paid_search,76,Male
CUST-001604,2023-10-16,North,social,60,Female
CUST-001605,2023-01-10,South,organic,36,Male
CUST-001606,2026-05-16,South,social,57,Female
CUST-001607,2023-12-22,West,social,42,Female
CUST-001608,2023-01-24,Central,paid_search,52,Female
CUST-001609,2023-01-11,North,paid_search,31,Male
CUST-001610,2025-12-30,West,paid_search,51,Male
CUST-001611,2025-01-10,West,referral,28,Female
CUST-001612,2025-04-01,West,paid_search,30,Male
CUST-001613,2022-10-21,Central,partner,55,Male
CUST-001614,2024-08-21,North,paid_search,51,Female
CUST-001615,2023-03-24,West,social,39,Female
CUST-001616,2022-04-10,North,social,25,Male
CUST-001617,2021-11-11,Central,referral,46,Male
CUST-001618,2025-08-13,East,referral,75,Male
CUST-001619,2021-04-14,North,organic,63,Male
CUST-001620,2025-08-29,West,organic,25,Female
CUST-001621,2026-07-29,West,referral,76,Female
CUST-001622,2026-05-22,East,referral,46,Male
CUST-001623,2025-07-15,South,paid_search,55,Male
CUST-001624,2021-06-10,North,organic,22,Male
CUST-001625,2025-05-27,Central,social,39,Male
CUST-001626,2022-06-27,North,referral,67,Male
CUST-001627,2024-03-05,Central,referral,41,Male
CUST-001628,2026-07-14,East,referral,31,Female
CUST-001629,2024-01-02,West,referral,27,Female
CUST-001630,2026-07-13,West,partner,75,Female
CUST-001631,2023-11-01,Central,partner,69,Female
CUST-001632,2023-04-21,North,referral,24,Male
CUST-001633,2023-07-13,Central,organic,75,Female
CUST-001634,2025-01-13,North,social,69,Male
CUST-001635,2022-01-24,Central,paid_search,42,Female
CUST-001636,2023-02-16,South,organic,60,Female
CUST-001637,2025-02-17,Central,organic,36,Female
CUST-001638,2024-01-24,North,partner,36,Male
CUST-001639,2026-02-03,East,paid_search,63,Female
CUST-001640,2021-02-05,East,organic,33,Female
CUST-001641,2022-03-07,Central,social,42,Male
CUST-001642,2024-12-05,North,paid_search,42,Female
CUST-001643,2022-07-23,North,social,30,Male
CUST-001644,2022-07-25,West,social,70,Male
CUST-001645,2023-01-10,North,organic,61,Female
CUST-001646,2026-06-12,West,partner,71,Male
CUST-001647,2021-05-01,North,partner,52,Male
CUST-001648,2020-11-27,Central,organic,32,Male
CUST-001649,2020-09-25,East,paid_search,38,Male
CUST-001650,2020-10-07,Central,referral,42,Female
CUST-001651,2021-02-01,North,organic,76,Female
CUST-001652,2022-04-14,South,partner,35,Male
CUST-001653,2026-05-05,East,paid_search,62,Male
CUST-001654,2023-11-27,North,social,29,Female
CUST-001655,2025-04-08,North,social,77,Female
CUST-001656,2025-05-08,South,partner,59,Female
CUST-001657,2021-09-03,West,organic,46,Female
CUST-001658,2021-09-22,West,organic,42,Female
CUST-001659,2023-06-30,North,organic,42,Male
CUST-001660,2022-03-21,North,referral,35,Female
CUST-001661,2025-12-16,West,partner,56,Female
CUST-001662,2025-04-22,South,organic,72,Male
CUST-001663,2021-07-16,West,partner,35,Male
CUST-001664,2024-01-07,South,organic,65,Female
CUST-001665,2023-06-05,South,paid_search,54,Female
CUST-001666,2023-12-10,South,referral,66,Female
CUST-001667,2025-06-18,South,social,66,Male
CUST-001668,2021-08-21,West,partner,24,Male
CUST-001669,2022-01-29,East,referral,23,Female
CUST-001670,2022-08-04,West,organic,75,Male
CUST-001671,2024-07-25,North,paid_search,31,Female
CUST-001672,2022-10-26,East,partner,55,Male
CUST-001673,2020-12-02,East,organic,65,Male
CUST-001674,2022-09-23,Central,partner,51,Male
CUST-001675,2023-09-12,East,partner,22,Female
CUST-001676,2025-02-07,North,partner,22,Female
CUST-001677,2023-07-18,West,paid_search,60,Male
CUST-001678,2024-06-14,North,paid_search,74,Male
CUST-001679,2023-01-11,Central,organic,41,Male
CUST-001680,2026-05-30,South,paid_search,53,Female
CUST-001681,2025-07-23,West,referral,76,Female
CUST-001682,2021-11-29,West,organic,69,Female
CUST-001683,2024-06-04,East,referral,53,Male
CUST-001684,2024-02-08,East,paid_search,60,Male
CUST-001685,2023-06-14,North,referral,77,Male
CUST-001686,2024-01-30,North,paid_search,68,Female
CUST-001687,2022-02-11,West,social,46,Male
CUST-001688,2025-03-25,Central,paid_search,62,Male
CUST-001689,2022-02-03,Central,social,41,Female
CUST-001690,2025-06-07,South,organic,75,Male
CUST-001691,2024-06-17,South,organic,27,Female
CUST-001692,2023-03-11,South,organic,35,Male
CUST-001693,2021-05-17,West,referral,42,Female
CUST-001694,2025-04-26,West,social,33,Male
CUST-001695,2023-03-04,West,organic,56,Female
CUST-001696,2026-04-25,Central,partner,63,Male
CUST-001697,2026-04-01,South,partner,73,Male
CUST-001698,2021-12-19,West,paid_search,51,Male
CUST-001699,2022-04-25,East,paid_search,58,Female
CUST-001700,2024-06-13,Central,social,56,Male
CUST-001701,2022-12-14,South,partner,22,Male
CUST-001702,2024-05-22,North,paid_search,63,Male
CUST-001703,2025-01-08,South,social,23,Female
CUST-001704,2024-01-25,West,referral,53,Female
CUST-001705,2024-10-29,Central,organic,79,Female
CUST-001706,2021-09-26,Central,social,67,Male
CUST-001707,2024-03-09,North,social,51,Female
CUST-001708,2024-10-07,East,referral,40,Female
CUST-001709,2023-06-01,North,partner,70,Female
CUST-001710,2022-02-15,South,paid_search,71,Female
CUST-001711,2025-02-06,Central,social,43,Male
CUST-001712,2021-01-01,Central,paid_search,28,Female
CUST-001713,2023-12-11,North,paid_search,55,Male
CUST-001714,2022-09-08,North,referral,58,Female
CUST-001715,2020-11-17,West,paid_search,76,Male
CUST-001716,2024-02-08,East,partner,73,Female
CUST-001717,2025-06-20,East,partner,35,Female
CUST-001718,2022-02-19,Central,referral,36,Female
CUST-001719,2026-08-27,Central,partner,79,Female
CUST-001720,2023-12-13,Central,referral,40,Female
CUST-001721,2020-10-10,West,social,48,Male
CUST-001722,2024-02-18,Central,paid_search,39,Female
CUST-001723,2022-08-17,West,partner,44,Female
CUST-001724,2023-07-03,Central,referral,54,Male
CUST-001725,2025-05-31,East,social,38,Female
CUST-001726,2024-09-21,North,paid_search,45,Female
CUST-001727,2023-06-22,Central,organic,42,Female
CUST-001728,2026-02-07,Central,social,28,Female
CUST-001729,2024-03-02,South,social,67,Male
CUST-001730,2024-02-27,East,partner,73,Male
CUST-001731,2021-08-19,East,referral,50,Male
CUST-001732,2025-12-01,West,referral,33,Female
CUST-001733,2021-08-14,West,partner,59,Female
CUST-001734,2024-03-21,South,partner,52,Female
CUST-001735,2022-10-02,Central,paid_search,53,Male
CUST-001736,2023-05-13,Central,organic,56,Female
CUST-001737,2024-12-11,Central,organic,63,Male
CUST-001738,2021-02-09,East,paid_search,24,Male
CUST-001739,2025-04-26,North,partner,27,Female
CUST-001740,2026-06-20,Central,referral,27,Male
CUST-001741,2022-03-05,North,partner,30,Female
CUST-001742,2022-12-15,North,referral,78,Male
CUST-001743,2021-03-22,South,paid_search,64,Male
CUST-001744,2023-11-28,North,partner,60,Female
CUST-001745,2026-07-31,West,partner,62,Female
CUST-001746,2026-08-16,East,social,23,Female
CUST-001747,2024-01-18,South,social,34,Male
CUST-001748,2025-03-16,North,paid_search,68,Female
CUST-001749,2021-01-28,South,partner,48,Female
CUST-001750,2025-12-30,West,paid_search,51,Male
CUST-001751,2021-05-02,West,social,65,Male
CUST-001752,2025-06-01,South,partner,26,Male
CUST-001753,2026-01-05,North,social,68,Female
CUST-001754,2024-12-30,East,paid_search,61,Female
CUST-001755,2025-11-06,West,organic,45,Female
CUST-001756,2024-04-03,North,organic,50,Female
CUST-001757,2024-08-27,West,referral,26,Male
CUST-001758,2023-06-26,North,social,33,Female
CUST-001759,2023-06-13,South,partner,36,Female
CUST-001760,2026-08-18,West,social,72,Male
CUST-001761,2025-12-15,North,referral,28,Female
CUST-001762,2025-10-09,South,social,38,Male
CUST-001763,2025-07-07,North,social,29,Female
CUST-001764,2026-03-09,South,paid_search,38,Female
CUST-001765,2024-11-06,West,social,22,Female
CUST-001766,2023-05-09,South,organic,37,Female
CUST-001767,2024-11-03,North,referral,63,Female
CUST-001768,2024-08-25,South,referral,66,Male
CUST-001769,2023-10-24,North,paid_search,44,Male
CUST-001770,2023-05-08,West,social,62,Female
CUST-001771,2024-09-09,Central,partner,57,Male
CUST-001772,2025-04-27,North,organic,74,Female
CUST-001773,2024-04-16,West,organic,68,Male
CUST-001774,2026-08-04,South,organic,35,Female
CUST-001775,2023-10-11,North,paid_search,56,Female
CUST-001776,2020-12-29,West,organic,67,Male
CUST-001777,2024-04-15,South,paid_search,39,Female
CUST-001778,2026-01-22,East,partner,55,Male
CUST-001779,2022-06-09,East,social,45,Male
CUST-001780,2025-12-02,East,partner,39,Female
CUST-001781,2025-06-30,North,referral,33,Male
CUST-001782,2025-11-02,South,partner,24,Female
CUST-001783,2021-05-04,West,social,65,Female
CUST-001784,2020-10-08,Central,organic,69,Female
CUST-001785,2023-03-25,North,social,59,Female
CUST-001786,2022-12-02,East,partner,35,Female
CUST-001787,2022-10-11,Central,paid_search,23,Male
CUST-001788,2023-01-09,South,referral,58,Male
CUST-001789,2023-06-04,East,referral,33,Male
CUST-001790,2020-08-22,Central,organic,53,Male
CUST-001791,2022-03-20,Central,paid_search,78,Male
CUST-001792,2026-03-07,West,paid_search,22,Male
CUST-001793,2024-05-06,West,organic,55,Female
CUST-001794,2020-10-13,West,referral,79,Female
CUST-001795,2024-04-01,South,referral,41,Female
CUST-001796,2025-07-10,Central,paid_search,69,Male
CUST-001797,2021-05-24,North,organic,70,Female
CUST-001798,2022-12-01,North,social,50,Female
CUST-001799,2023-04-11,West,partner,39,Male
CUST-001800,2024-02-19,Central,referral,61,Female
CUST-001801,2025-11-23,Central,partner,57,Female
CUST-001802,2024-05-08,West,paid_search,49,Female
CUST-001803,2024-02-13,South,paid_search,33,Male
CUST-001804,2021-02-08,South,partner,65,Female
CUST-001805,2024-11-05,East,partner,34,Female
CUST-001806,2025-11-04,South,partner,29,Female
CUST-001807,2024-01-23,East,referral,25,Male
CUST-001808,2020-08-18,North,organic,47,Male
CUST-001809,2023-09-25,South,partner,28,Male
CUST-001810,2024-05-23,Central,partner,41,Female
CUST-001811,2022-09-13,West,referral,36,Male
CUST-001812,2022-10-13,North,paid_search,48,Male
CUST-001813,2024-11-19,South,social,67,Female
CUST-001814,2020-10-29,South,paid_search,48,Male
CUST-001815,2023-02-09,South,paid_search,54,Female
CUST-001816,2026-04-25,West,partner,30,Female
CUST-001817,2024-04-12,Central,referral,28,Male
CUST-001818,2021-01-23,West,referral,78,Female
CUST-001819,2024-04-21,East,partner,57,Female
CUST-001820,2023-04-03,North,paid_search,22,Female
CUST-001821,2022-12-28,North,organic,54,Female
CUST-001822,2022-05-27,Central,organic,22,Male
CUST-001823,2021-05-22,West,social,26,Female
CUST-001824,2025-10-30,East,referral,43,Female
CUST-001825,2023-08-09,East,referral,60,Female
CUST-001826,2023-07-12,Central,paid_search,57,Female
CUST-001827,2025-10-07,Central,partner,67,Female
CUST-001828,2022-08-16,North,social,32,Female
CUST-001829,2025-12-27,South,partner,33,Male
CUST-001830,2023-12-06,North,referral,52,Male
CUST-001831,2024-08-26,South,referral,72,Male
CUST-001832,2025-10-16,West,social,63,Female
CUST-001833,2021-09-07,South,social,60,Male
CUST-001834,2025-04-06,North,paid_search,27,Female
CUST-001835,2025-03-16,East,social,72,Female
CUST-001836,2021-06-23,East,social,79,Female
CUST-001837,2021-04-30,West,social,55,Female
CUST-001838,2026-06-23,North,organic,41,Male
CUST-001839,2024-12-23,South,organic,60,Male
CUST-001840,2022-06-16,West,paid_search,59,Female
CUST-001841,2021-12-22,West,partner,75,Male
CUST-001842,2020-09-14,Central,organic,28,Male
CUST-001843,2023-04-22,Central,organic,51,Female
CUST-001844,2026-08-27,Central,organic,63,Male
CUST-001845,2021-05-24,East,organic,42,Female
CUST-001846,2025-10-03,Central,social,70,Male
CUST-001847,2026-01-12,East,partner,25,Male
CUST-001848,2022-08-13,Central,partner,28,Female
CUST-001849,2023-01-13,South,paid_search,67,Female
CUST-001850,2026-04-24,East,partner,29,Female
CUST-001851,2025-08-31,West,partner,46,Male
CUST-001852,2023-02-10,South,referral,38,Male
CUST-001853,2025-03-15,North,social,61,Female
CUST-001854,2022-08-15,Central,referral,22,Male
CUST-001855,2024-03-10,East,paid_search,42,Male
CUST-001856,2023-02-24,Central,partner,79,Male
CUST-001857,2023-10-22,South,social,43,Female
CUST-001858,2024-06-29,Central,social,56,Male
CUST-001859,2024-08-18,West,referral,79,Male
CUST-001860,2022-07-06,West,referral,57,Female
CUST-001861,2023-08-08,West,social,65,Female
CUST-001862,2023-01-27,South,partner,77,Male
CUST-001863,2023-03-14,Central,referral,57,Male
CUST-001864,2025-05-21,Central,paid_search,70,Male
CUST-001865,2021-02-22,West,social,51,Male
CUST-001866,2023-04-16,Central,social,69,Female
CUST-001867,2022-05-13,Central,organic,59,Male
CUST-001868,2021-04-29,West,organic,41,Male
CUST-001869,2021-01-24,East,organic,54,Male
CUST-001870,2022-09-10,Central,paid_search,41,Female
CUST-001871,2021-11-24,North,organic,45,Female
CUST-001872,2023-11-03,East,social,38,Female
CUST-001873,2022-03-28,Central,social,50,Female
CUST-001874,2024-10-04,Central,organic,42,Female
CUST-001875,2022-06-04,South,social,58,Female
CUST-001876,2026-03-07,North,organic,43,Female
CUST-001877,2021-03-13,South,partner,50,Female
CUST-001878,2025-04-12,Central,paid_search,30,Male
CUST-001879,2022-10-12,East,organic,44,Male
CUST-001880,2026-08-23,North,referral,42,Female
CUST-001881,2025-10-05,North,social,77,Male
CUST-001882,2020-09-05,South,social,47,Female
CUST-001883,2021-08-22,South,organic,23,Female
CUST-001884,2025-04-21,North,social,39,Male
CUST-001885,2025-12-10,East,paid_search,64,Male
CUST-001886,2021-10-07,East,referral,31,Female
CUST-001887,2020-09-04,North,organic,31,Male
CUST-001888,2025-08-22,South,social,43,Female
CUST-001889,2022-08-27,West,partner,42,Male
CUST-001890,2024-12-31,Central,partner,49,Female
CUST-001891,2022-03-11,Central,partner,23,Male
CUST-001892,2024-03-06,East,social,63,Female
CUST-001893,2025-12-17,North,organic,34,Female
CUST-001894,2024-09-25,Central,paid_search,63,Male
CUST-001895,2023-05-21,Central,organic,54,Female
CUST-001896,2021-10-24,South,referral,33,Female
CUST-001897,2026-08-08,East,referral,49,Male
CUST-001898,2020-12-02,North,organic,24,Female
CUST-001899,2022-09-19,Central,partner,62,Female
CUST-001900,2021-06-05,West,organic,39,Female
CUST-001901,2021-01-21,North,partner,44,Male
CUST-001902,2025-09-30,West,partner,31,Male
CUST-001903,2026-03-04,East,social,43,Male
CUST-001904,2021-12-30,East,organic,44,Female
CUST-001905,2025-08-11,South,social,35,Female
CUST-001906,2025-11-04,Central,referral,78,Female
CUST-001907,2023-11-08,East,social,38,Female
CUST-001908,2021-02-23,Central,partner,32,Male
CUST-001909,2021-10-29,North,partner,53,Male
CUST-001910,2023-08-06,East,organic,40,Female
CUST-001911,2025-06-23,South,partner,48,Female
CUST-001912,2024-09-03,Central,referral,64,Female
CUST-001913,2022-06-19,East,social,26,Female
CUST-001914,2025-09-29,West,partner,51,Female
CUST-001915,2023-06-22,North,organic,23,Female
CUST-001916,2026-08-18,West,social,24,Female
CUST-001917,2024-10-07,North,organic,27,Female
CUST-001918,2025-03-11,South,paid_search,31,Male
CUST-001919,2022-07-23,South,paid_search,42,Female
CUST-001920,2021-03-11,North,social,76,Female
CUST-001921,2025-10-25,East,organic,74,Male
CUST-001922,2021-11-11,South,social,27,Female
CUST-001923,2022-09-21,East,paid_search,79,Female
CUST-001924,2020-10-27,West,partner,58,Female
CUST-001925,2021-03-02,North,organic,54,Female
CUST-001926,2026-02-02,West,paid_search,67,Male
CUST-001927,2022-02-27,South,partner,50,Male
CUST-001928,2023-02-05,South,partner,37,Male
CUST-001929,2026-01-05,East,social,52,Female
CUST-001930,2025-03-12,West,social,64,Female
CUST-001931,2021-02-11,West,referral,61,Female
CUST-001932,2023-05-22,North,paid_search,31,Male
CUST-001933,2024-08-25,East,paid_search,76,Male
CUST-001934,2024-10-03,South,social,38,Female
CUST-001935,2021-07-24,South,partner,69,Female
CUST-001936,2024-12-29,Central,social,40,Female
CUST-001937,2025-09-30,North,referral,25,Female
CUST-001938,2023-04-14,East,referral,79,Female
CUST-001939,2020-08-31,East,social,56,Female
CUST-001940,2025-08-14,South,partner,34,Male
CUST-001941,2025-02-26,West,paid_search,22,Female
CUST-001942,2023-11-15,East,referral,29,Female
CUST-001943,2025-07-02,West,paid_search,31,Female
CUST-001944,2022-10-06,South,partner,75,Male
CUST-001945,2025-03-15,Central,organic,32,Female
CUST-001946,2025-12-03,West,social,31,Female
CUST-001947,2025-02-09,South,social,70,Male
CUST-001948,2021-02-08,Central,organic,72,Male
CUST-001949,2020-12-21,Central,partner,34,Male
CUST-001950,2023-09-07,East,organic,59,Female
CUST-001951,2024-04-05,North,paid_search,52,Male
CUST-001952,2021-10-17,East,paid_search,55,Male
CUST-001953,2025-07-08,West,referral,40,Male
CUST-001954,2022-10-07,South,social,65,Male
CUST-001955,2022-07-27,North,referral,73,Female
CUST-001956,2022-06-14,East,paid_search,64,Female
CUST-001957,2025-05-21,Central,organic,74,Female
CUST-001958,2022-05-15,South,social,28,Female
CUST-001959,2022-12-28,East,paid_search,60,Male
CUST-001960,2021-06-17,North,referral,79,Female
CUST-001961,2025-08-23,West,organic,53,Male
CUST-001962,2022-12-27,Central,paid_search,76,Female
CUST-001963,2021-08-22,West,referral,42,Male
CUST-001964,2024-12-20,East,social,74,Female
CUST-001965,2022-02-21,North,paid_search,76,Male
CUST-001966,2026-01-28,East,referral,58,Male
CUST-001967,2022-04-23,Central,social,62,Male
CUST-001968,2023-01-14,North,paid_search,52,Female
CUST-001969,2025-06-28,South,paid_search,40,Male
CUST-001970,2026-04-19,Central,organic,53,Female
CUST-001971,2022-03-07,East,social,77,Male
CUST-001972,2025-03-19,North,organic,22,Female
CUST-001973,2023-09-02,North,paid_search,33,Male
CUST-001974,2026-05-04,East,organic,50,Male
CUST-001975,2020-11-07,East,partner,41,Male
CUST-001976,2023-05-15,Central,paid_search,58,Female
CUST-001977,2020-12-21,Central,partner,42,Male
CUST-001978,2025-09-26,East,partner,60,Male
CUST-001979,2025-06-05,East,organic,28,Female
CUST-001980,2022-12-19,Central,paid_search,41,Female
CUST-001981,2023-01-11,West,organic,62,Female
CUST-001982,2021-11-23,South,organic,49,Female
CUST-001983,2021-02-02,West,referral,63,Female
CUST-001984,2021-09-29,West,paid_search,58,Female
CUST-001985,2025-11-15,South,organic,41,Female
CUST-001986,2024-10-29,Central,referral,46,Male
CUST-001987,2021-02-25,South,referral,77,Male
CUST-001988,2023-04-19,East,social,77,Male
CUST-001989,2021-06-07,East,partner,24,Female
CUST-001990,2023-04-15,West,paid_search,62,Male
CUST-001991,2026-06-16,Central,referral,50,Female
CUST-001992,2023-11-13,South,organic,22,Male
CUST-001993,2021-09-08,South,paid_search,58,Male
CUST-001994,2022-09-23,West,referral,23,Male
CUST-001995,2025-12-12,Central,organic,40,Male
CUST-001996,2025-06-13,Central,social,62,Female
CUST-001997,2021-07-17,West,referral,69,Male
CUST-001998,2020-10-05,West,partner,45,Male
CUST-001999,2022-02-28,West,paid_search,68,Male
CUST-002000,2026-02-07,Central,social,70,Male
