risk_decile,customers,avg_predicted,actual_churn_rate,churners,monthly_revenue,lift,cum_churners_captured_pct
1,142,0.9952,0.993,141,10934.05,2.4251,0.2427
2,142,0.9728,0.9014,128,10913.45,2.2015,0.463
3,142,0.9178,0.7676,109,11007.7,1.8748,0.6506
4,142,0.8346,0.493,70,10114.5,1.204,0.7711
5,142,0.7101,0.3944,56,9713.4,0.9632,0.8675
6,142,0.5457,0.2113,30,9795.1,0.516,0.9191
7,142,0.3587,0.1901,27,9372.45,0.4644,0.9656
8,142,0.1963,0.1197,17,9031.6,0.2924,0.9948
9,142,0.0865,0.0211,3,7751.5,0.0516,1.0
10,141,0.0286,0.0,0,6169.15,0.0,1.0
