feature,mean_abs_shap,label,group
num__tenure_months,0.6257611,Customer tenure,Tenure
cat__contract_type_Month-to-month,0.57374936,Month-to-month contract,Plan & Billing
num__monthly_charge,0.4799034,Monthly charge,Plan & Billing
num__avg_feature_adoption_recent,0.41412723,Feature adoption,Engagement
num__session_count_trend,0.34362304,Usage trend,Engagement
num__failed_payment_count_90d,0.33400488,Failed payments (90d),Payments
num__days_since_last_active,0.314225,Days since last active,Engagement
num__avg_resolution_hours_90d,0.27290422,Ticket resolution time,Support
num__avg_session_minutes_recent,0.22368804,Session minutes,Engagement
num__avg_session_count_recent,0.22178115,Session count,Engagement
num__open_ticket_count,0.21093409,Open support tickets,Support
cat__payment_method_Electronic check,0.19636378,Pays by electronic check,Payments
num__age,0.19562009,Customer age,Demographic
num__total_paid_90d,0.16282769,Amount paid (90d),Payments
num__failed_payment_ratio_90d,0.12974514,Failed-payment ratio,Payments
num__billing_ticket_ratio_90d,0.10790402,Billing-ticket share,Support
cat__contract_type_Two year,0.10486882,Two-year contract,Plan & Billing
cat__payment_method_Mailed check,0.07419203,Pays by mailed check,Payments
cat__billing_cycle_Annual,0.061694223,Billing cycle annual,Demographic
cat__payment_method_Bank transfer (automatic),0.05771653,Bank transfer payer,Payments
cat__signup_channel_paid_search,0.049474016,Signup channel paid search,Demographic
cat__signup_channel_referral,0.047891676,Signup channel referral,Demographic
num__ticket_count_90d,0.04207767,Support tickets (90d),Support
cat__signup_channel_partner,0.04151381,Signup channel partner,Demographic
cat__signup_channel_social,0.03853517,Signup channel social,Demographic
cat__payment_method_Credit card (automatic),0.031881463,Credit card payer,Payments
num__transaction_count_90d,0.027977917,Transaction count (90d),Payments
cat__region_Central,0.026732435,Region central,Demographic
cat__region_South,0.020665227,Region south,Demographic
cat__billing_cycle_Monthly,0.017489133,Billing cycle monthly,Demographic
cat__gender_Female,0.014909535,Gender female,Demographic
cat__signup_channel_organic,0.014281066,Signup channel organic,Demographic
cat__region_West,0.01106274,Region west,Demographic
cat__region_North,0.00976796,Region north,Demographic
cat__region_East,0.008897077,Region east,Demographic
cat__contract_type_One year,0.0083035175,One-year contract,Plan & Billing
cat__gender_Male,0.0075674634,Gender male,Demographic
